exp_id,condition_id,method,timestamp_utc,model_repo_id,model_revision_sha,method_repo_id,method_revision_sha,image_encoder_revision_sha,torch_version,torch_cuda_version,diffusers_version,gpu_name,dtype,scheduler,prompt_id,prompt_sha256,negative_prompt_sha256,reference_id,reference_sha256,reference_preprocess,reference_retained_area_fraction,influence_level,strength_param_name,strength_value,effective_steps,seed,width,height,steps,guidance_scale,memory_tier,process_config_key,safety_checker_present,safety_checker_enabled,vae_variant,load_seconds,generate_seconds,peak_vram_allocated_mb,peak_vram_reserved_mb,peak_device_used_mb,peak_process_rss_mb,output_sha256,status,error_type,error_message,output_path
EXP-008,C1,img2img,2026-08-01T00:22:14+00:00,stable-diffusion-v1-5/stable-diffusion-v1-5,451f4fe16113bff5a5d2269ed5ad43b0592e9a14,,,,2.13.0+cu126,12.6,0.39.0,NVIDIA GeForce RTX 4060 Laptop GPU,float16,DPMSolverMultistepScheduler,P1-poster,9c67354e368ec9b9f6e28c25781f08ad6c816ef91f74c3b969ea4591b4c24722,322eba37a8cc00f3465f0420c556f351054c86b0fe77297c0e50f65cb6b7b494,R1,515d83fc703f6bec6467aef6ae43b8d8fb7ad283aa65cc9af134dafddec3ef6c,centre-crop 690x1024 -> 690x690 then LANCZOS resize to 512x512,0.6738,weak,strength,0.9,27,42,512,512,30,7.5,0,img2img@512x512@tier0,True,False,pipeline default,10.02,3.074,2675.38,2958.0,4071.5,2194.89,3d0dfa86b6bf6a038390f9fc7c2cb0ebb3e5f8a1f8183407b7d35168470796c1,ok,,,outputs/EXP-008/EXP-008__img2img__C1__R1__weak__s0p9__512x512__seed42__tier0.png
EXP-008,C1,img2img,2026-08-01T00:22:17+00:00,stable-diffusion-v1-5/stable-diffusion-v1-5,451f4fe16113bff5a5d2269ed5ad43b0592e9a14,,,,2.13.0+cu126,12.6,0.39.0,NVIDIA GeForce RTX 4060 Laptop GPU,float16,DPMSolverMultistepScheduler,P1-poster,9c67354e368ec9b9f6e28c25781f08ad6c816ef91f74c3b969ea4591b4c24722,322eba37a8cc00f3465f0420c556f351054c86b0fe77297c0e50f65cb6b7b494,R1,515d83fc703f6bec6467aef6ae43b8d8fb7ad283aa65cc9af134dafddec3ef6c,centre-crop 690x1024 -> 690x690 then LANCZOS resize to 512x512,0.6738,weak,strength,0.9,27,1337,512,512,30,7.5,0,img2img@512x512@tier0,True,False,pipeline default,10.02,3.046,2675.38,2958.0,4071.5,2192.98,006743f8042c246f9742dd6548824cc335e77fe498832defd7619aec059cfb18,ok,,,outputs/EXP-008/EXP-008__img2img__C1__R1__weak__s0p9__512x512__seed1337__tier0.png
EXP-008,C1,img2img,2026-08-01T00:22:20+00:00,stable-diffusion-v1-5/stable-diffusion-v1-5,451f4fe16113bff5a5d2269ed5ad43b0592e9a14,,,,2.13.0+cu126,12.6,0.39.0,NVIDIA GeForce RTX 4060 Laptop GPU,float16,DPMSolverMultistepScheduler,P1-poster,9c67354e368ec9b9f6e28c25781f08ad6c816ef91f74c3b969ea4591b4c24722,322eba37a8cc00f3465f0420c556f351054c86b0fe77297c0e50f65cb6b7b494,R1,515d83fc703f6bec6467aef6ae43b8d8fb7ad283aa65cc9af134dafddec3ef6c,centre-crop 690x1024 -> 690x690 then LANCZOS resize to 512x512,0.6738,weak,strength,0.9,27,2026,512,512,30,7.5,0,img2img@512x512@tier0,True,False,pipeline default,10.02,3.0,2675.38,2958.0,4071.5,2192.99,6c4e365839639b9d611ee7b7b1c251b83daf6536a8164b29af6e92a451847d36,ok,,,outputs/EXP-008/EXP-008__img2img__C1__R1__weak__s0p9__512x512__seed2026__tier0.png
EXP-008,C2,img2img,2026-08-01T00:22:23+00:00,stable-diffusion-v1-5/stable-diffusion-v1-5,451f4fe16113bff5a5d2269ed5ad43b0592e9a14,,,,2.13.0+cu126,12.6,0.39.0,NVIDIA GeForce RTX 4060 Laptop GPU,float16,DPMSolverMultistepScheduler,P2-geo,85ea0319cf2a6b0219702873d88f21092ac7334553e56c13c7603daec34b4660,322eba37a8cc00f3465f0420c556f351054c86b0fe77297c0e50f65cb6b7b494,R2,af49e3fb28a0582b9b651253dbdcb6b05822015e1936a4042fa6c041409d6c50,centre-crop 512x1536 -> 512x512 then LANCZOS resize to 512x512,0.3333,weak,strength,0.9,27,42,512,512,30,7.5,0,img2img@512x512@tier0,True,False,pipeline default,10.02,3.022,2675.38,2958.0,4071.5,2193.05,e64dd8e542fb97b90c95dae1f288a3c3dccb95b612cc34950b98f3df78a40221,ok,,,outputs/EXP-008/EXP-008__img2img__C2__R2__weak__s0p9__512x512__seed42__tier0.png
EXP-008,C2,img2img,2026-08-01T00:22:26+00:00,stable-diffusion-v1-5/stable-diffusion-v1-5,451f4fe16113bff5a5d2269ed5ad43b0592e9a14,,,,2.13.0+cu126,12.6,0.39.0,NVIDIA GeForce RTX 4060 Laptop GPU,float16,DPMSolverMultistepScheduler,P2-geo,85ea0319cf2a6b0219702873d88f21092ac7334553e56c13c7603daec34b4660,322eba37a8cc00f3465f0420c556f351054c86b0fe77297c0e50f65cb6b7b494,R2,af49e3fb28a0582b9b651253dbdcb6b05822015e1936a4042fa6c041409d6c50,centre-crop 512x1536 -> 512x512 then LANCZOS resize to 512x512,0.3333,weak,strength,0.9,27,1337,512,512,30,7.5,0,img2img@512x512@tier0,True,False,pipeline default,10.02,2.99,2675.38,2958.0,4071.5,2193.14,5b2c83b76c706d4b84f21ed6995d09c315161f82ce7615c7d1c1f91faf1d5cee,ok,,,outputs/EXP-008/EXP-008__img2img__C2__R2__weak__s0p9__512x512__seed1337__tier0.png
EXP-008,C2,img2img,2026-08-01T00:22:30+00:00,stable-diffusion-v1-5/stable-diffusion-v1-5,451f4fe16113bff5a5d2269ed5ad43b0592e9a14,,,,2.13.0+cu126,12.6,0.39.0,NVIDIA GeForce RTX 4060 Laptop GPU,float16,DPMSolverMultistepScheduler,P2-geo,85ea0319cf2a6b0219702873d88f21092ac7334553e56c13c7603daec34b4660,322eba37a8cc00f3465f0420c556f351054c86b0fe77297c0e50f65cb6b7b494,R2,af49e3fb28a0582b9b651253dbdcb6b05822015e1936a4042fa6c041409d6c50,centre-crop 512x1536 -> 512x512 then LANCZOS resize to 512x512,0.3333,weak,strength,0.9,27,2026,512,512,30,7.5,0,img2img@512x512@tier0,True,False,pipeline default,10.02,3.004,2675.38,2958.0,4071.5,2193.16,a87dbbb1ffc22e552f433f6d3a71b4a64afd933d34492c9fd72f9055fc668e62,ok,,,outputs/EXP-008/EXP-008__img2img__C2__R2__weak__s0p9__512x512__seed2026__tier0.png
EXP-008,C3,img2img,2026-08-01T00:22:33+00:00,stable-diffusion-v1-5/stable-diffusion-v1-5,451f4fe16113bff5a5d2269ed5ad43b0592e9a14,,,,2.13.0+cu126,12.6,0.39.0,NVIDIA GeForce RTX 4060 Laptop GPU,float16,DPMSolverMultistepScheduler,P3-ukiyo,9c8648d75ada09e507fe921445f19ba7a2bce1905c95cf28f8f8be00fa577a96,322eba37a8cc00f3465f0420c556f351054c86b0fe77297c0e50f65cb6b7b494,R3,cfbc213f291a0408e2cc51d051929d3a09abd100fc3c1b451b640ab7da2f83ec,centre-crop 4000x2980 -> 2980x2980 then LANCZOS resize to 512x512,0.745,weak,strength,0.9,27,42,512,512,30,7.5,0,img2img@512x512@tier0,True,False,pipeline default,10.02,3.002,2675.38,2958.0,4071.5,2193.18,7ca8f37afcfabd640e51a5d172d00efe3b6389f3241a8d0353f8b245df48aa29,ok,,,outputs/EXP-008/EXP-008__img2img__C3__R3__weak__s0p9__512x512__seed42__tier0.png
EXP-008,C3,img2img,2026-08-01T00:22:36+00:00,stable-diffusion-v1-5/stable-diffusion-v1-5,451f4fe16113bff5a5d2269ed5ad43b0592e9a14,,,,2.13.0+cu126,12.6,0.39.0,NVIDIA GeForce RTX 4060 Laptop GPU,float16,DPMSolverMultistepScheduler,P3-ukiyo,9c8648d75ada09e507fe921445f19ba7a2bce1905c95cf28f8f8be00fa577a96,322eba37a8cc00f3465f0420c556f351054c86b0fe77297c0e50f65cb6b7b494,R3,cfbc213f291a0408e2cc51d051929d3a09abd100fc3c1b451b640ab7da2f83ec,centre-crop 4000x2980 -> 2980x2980 then LANCZOS resize to 512x512,0.745,weak,strength,0.9,27,1337,512,512,30,7.5,0,img2img@512x512@tier0,True,False,pipeline default,10.02,3.01,2675.38,2958.0,4071.5,2193.19,f3077385940ccc85eb36286689214555815a425370dd1db6bd4a61f9b54f9bd1,ok,,,outputs/EXP-008/EXP-008__img2img__C3__R3__weak__s0p9__512x512__seed1337__tier0.png
EXP-008,C3,img2img,2026-08-01T00:22:39+00:00,stable-diffusion-v1-5/stable-diffusion-v1-5,451f4fe16113bff5a5d2269ed5ad43b0592e9a14,,,,2.13.0+cu126,12.6,0.39.0,NVIDIA GeForce RTX 4060 Laptop GPU,float16,DPMSolverMultistepScheduler,P3-ukiyo,9c8648d75ada09e507fe921445f19ba7a2bce1905c95cf28f8f8be00fa577a96,322eba37a8cc00f3465f0420c556f351054c86b0fe77297c0e50f65cb6b7b494,R3,cfbc213f291a0408e2cc51d051929d3a09abd100fc3c1b451b640ab7da2f83ec,centre-crop 4000x2980 -> 2980x2980 then LANCZOS resize to 512x512,0.745,weak,strength,0.9,27,2026,512,512,30,7.5,0,img2img@512x512@tier0,True,False,pipeline default,10.02,3.021,2675.38,2958.0,4071.5,2193.21,8cc73bbb34c0a425a2e3a64156a76616c6cc41da20f5bd2869e0fb9de8bbfcf7,ok,,,outputs/EXP-008/EXP-008__img2img__C3__R3__weak__s0p9__512x512__seed2026__tier0.png
EXP-008,C4,img2img,2026-08-01T00:22:42+00:00,stable-diffusion-v1-5/stable-diffusion-v1-5,451f4fe16113bff5a5d2269ed5ad43b0592e9a14,,,,2.13.0+cu126,12.6,0.39.0,NVIDIA GeForce RTX 4060 Laptop GPU,float16,DPMSolverMultistepScheduler,P4-deck,bfd72ef751983f8a267f571a92badb946d8eb238b3cdc44f547d63b5a30bc19c,322eba37a8cc00f3465f0420c556f351054c86b0fe77297c0e50f65cb6b7b494,R4,45475315cf149fc37e17301190d8a87c72640a8e9d466534ea226413a51741d0,centre-crop 512x1536 -> 512x512 then LANCZOS resize to 512x512,0.3333,weak,strength,0.9,27,42,512,512,30,7.5,0,img2img@512x512@tier0,True,False,pipeline default,10.02,3.056,2675.38,2958.0,4071.5,2191.72,aa45694533ea38fbac978107af6cb2403cc5187a41d0b209212be99d1691369a,ok,,,outputs/EXP-008/EXP-008__img2img__C4__R4__weak__s0p9__512x512__seed42__tier0.png
EXP-008,C4,img2img,2026-08-01T00:22:45+00:00,stable-diffusion-v1-5/stable-diffusion-v1-5,451f4fe16113bff5a5d2269ed5ad43b0592e9a14,,,,2.13.0+cu126,12.6,0.39.0,NVIDIA GeForce RTX 4060 Laptop GPU,float16,DPMSolverMultistepScheduler,P4-deck,bfd72ef751983f8a267f571a92badb946d8eb238b3cdc44f547d63b5a30bc19c,322eba37a8cc00f3465f0420c556f351054c86b0fe77297c0e50f65cb6b7b494,R4,45475315cf149fc37e17301190d8a87c72640a8e9d466534ea226413a51741d0,centre-crop 512x1536 -> 512x512 then LANCZOS resize to 512x512,0.3333,weak,strength,0.9,27,1337,512,512,30,7.5,0,img2img@512x512@tier0,True,False,pipeline default,10.02,3.101,2675.38,2958.0,4071.5,2169.39,1dd3d000bb843af01cb216a73de501a62168f87fbf4450cb31c5f472818608c4,ok,,,outputs/EXP-008/EXP-008__img2img__C4__R4__weak__s0p9__512x512__seed1337__tier0.png
EXP-008,C4,img2img,2026-08-01T00:22:48+00:00,stable-diffusion-v1-5/stable-diffusion-v1-5,451f4fe16113bff5a5d2269ed5ad43b0592e9a14,,,,2.13.0+cu126,12.6,0.39.0,NVIDIA GeForce RTX 4060 Laptop GPU,float16,DPMSolverMultistepScheduler,P4-deck,bfd72ef751983f8a267f571a92badb946d8eb238b3cdc44f547d63b5a30bc19c,322eba37a8cc00f3465f0420c556f351054c86b0fe77297c0e50f65cb6b7b494,R4,45475315cf149fc37e17301190d8a87c72640a8e9d466534ea226413a51741d0,centre-crop 512x1536 -> 512x512 then LANCZOS resize to 512x512,0.3333,weak,strength,0.9,27,2026,512,512,30,7.5,0,img2img@512x512@tier0,True,False,pipeline default,10.02,3.109,2675.38,2958.0,4071.5,2169.39,df23f18f91ea9bd3d60983d60a93e098aa467dff6c635ac63deeb969ea40cbf5,ok,,,outputs/EXP-008/EXP-008__img2img__C4__R4__weak__s0p9__512x512__seed2026__tier0.png
EXP-008,C1,img2img,2026-08-01T00:22:51+00:00,stable-diffusion-v1-5/stable-diffusion-v1-5,451f4fe16113bff5a5d2269ed5ad43b0592e9a14,,,,2.13.0+cu126,12.6,0.39.0,NVIDIA GeForce RTX 4060 Laptop GPU,float16,DPMSolverMultistepScheduler,P1-poster,9c67354e368ec9b9f6e28c25781f08ad6c816ef91f74c3b969ea4591b4c24722,322eba37a8cc00f3465f0420c556f351054c86b0fe77297c0e50f65cb6b7b494,R1,515d83fc703f6bec6467aef6ae43b8d8fb7ad283aa65cc9af134dafddec3ef6c,centre-crop 690x1024 -> 690x690 then LANCZOS resize to 512x512,0.6738,weak,strength,0.75,22,42,512,512,30,7.5,0,img2img@512x512@tier0,True,False,pipeline default,10.02,2.56,2675.38,2958.0,4071.5,2169.39,6c65620634740cd115895df5bb3361ce3444a4e32d3b59a9186f2fd57922bc27,ok,,,outputs/EXP-008/EXP-008__img2img__C1__R1__weak__s0p75__512x512__seed42__tier0.png
EXP-008,C1,img2img,2026-08-01T00:22:53+00:00,stable-diffusion-v1-5/stable-diffusion-v1-5,451f4fe16113bff5a5d2269ed5ad43b0592e9a14,,,,2.13.0+cu126,12.6,0.39.0,NVIDIA GeForce RTX 4060 Laptop GPU,float16,DPMSolverMultistepScheduler,P1-poster,9c67354e368ec9b9f6e28c25781f08ad6c816ef91f74c3b969ea4591b4c24722,322eba37a8cc00f3465f0420c556f351054c86b0fe77297c0e50f65cb6b7b494,R1,515d83fc703f6bec6467aef6ae43b8d8fb7ad283aa65cc9af134dafddec3ef6c,centre-crop 690x1024 -> 690x690 then LANCZOS resize to 512x512,0.6738,weak,strength,0.75,22,1337,512,512,30,7.5,0,img2img@512x512@tier0,True,False,pipeline default,10.02,2.547,2675.38,2958.0,4071.5,2169.4,6e2b52596f4270262c66a918d6e389bfc80c4335f4bd40bc91d519a814b8e728,ok,,,outputs/EXP-008/EXP-008__img2img__C1__R1__weak__s0p75__512x512__seed1337__tier0.png
EXP-008,C1,img2img,2026-08-01T00:22:56+00:00,stable-diffusion-v1-5/stable-diffusion-v1-5,451f4fe16113bff5a5d2269ed5ad43b0592e9a14,,,,2.13.0+cu126,12.6,0.39.0,NVIDIA GeForce RTX 4060 Laptop GPU,float16,DPMSolverMultistepScheduler,P1-poster,9c67354e368ec9b9f6e28c25781f08ad6c816ef91f74c3b969ea4591b4c24722,322eba37a8cc00f3465f0420c556f351054c86b0fe77297c0e50f65cb6b7b494,R1,515d83fc703f6bec6467aef6ae43b8d8fb7ad283aa65cc9af134dafddec3ef6c,centre-crop 690x1024 -> 690x690 then LANCZOS resize to 512x512,0.6738,weak,strength,0.75,22,2026,512,512,30,7.5,0,img2img@512x512@tier0,True,False,pipeline default,10.02,2.54,2675.38,2958.0,4071.5,2169.36,696658bb1641784172a4f241d2de551c1294977a03b2a8c633b913859f7684d3,ok,,,outputs/EXP-008/EXP-008__img2img__C1__R1__weak__s0p75__512x512__seed2026__tier0.png
EXP-008,C2,img2img,2026-08-01T00:22:59+00:00,stable-diffusion-v1-5/stable-diffusion-v1-5,451f4fe16113bff5a5d2269ed5ad43b0592e9a14,,,,2.13.0+cu126,12.6,0.39.0,NVIDIA GeForce RTX 4060 Laptop GPU,float16,DPMSolverMultistepScheduler,P2-geo,85ea0319cf2a6b0219702873d88f21092ac7334553e56c13c7603daec34b4660,322eba37a8cc00f3465f0420c556f351054c86b0fe77297c0e50f65cb6b7b494,R2,af49e3fb28a0582b9b651253dbdcb6b05822015e1936a4042fa6c041409d6c50,centre-crop 512x1536 -> 512x512 then LANCZOS resize to 512x512,0.3333,weak,strength,0.75,22,42,512,512,30,7.5,0,img2img@512x512@tier0,True,False,pipeline default,10.02,2.532,2675.38,2958.0,4071.5,2169.37,549befd718af9464e302b55cc108335058145da79c2d42668d3b58e59190711e,ok,,,outputs/EXP-008/EXP-008__img2img__C2__R2__weak__s0p75__512x512__seed42__tier0.png
EXP-008,C2,img2img,2026-08-01T00:23:01+00:00,stable-diffusion-v1-5/stable-diffusion-v1-5,451f4fe16113bff5a5d2269ed5ad43b0592e9a14,,,,2.13.0+cu126,12.6,0.39.0,NVIDIA GeForce RTX 4060 Laptop GPU,float16,DPMSolverMultistepScheduler,P2-geo,85ea0319cf2a6b0219702873d88f21092ac7334553e56c13c7603daec34b4660,322eba37a8cc00f3465f0420c556f351054c86b0fe77297c0e50f65cb6b7b494,R2,af49e3fb28a0582b9b651253dbdcb6b05822015e1936a4042fa6c041409d6c50,centre-crop 512x1536 -> 512x512 then LANCZOS resize to 512x512,0.3333,weak,strength,0.75,22,1337,512,512,30,7.5,0,img2img@512x512@tier0,True,False,pipeline default,10.02,2.513,2675.38,2958.0,4071.5,2169.38,60ad9bb33b595d70ff3b92460da121a7df23177ef1491e89ea3448b12ff46224,ok,,,outputs/EXP-008/EXP-008__img2img__C2__R2__weak__s0p75__512x512__seed1337__tier0.png
EXP-008,C2,img2img,2026-08-01T00:23:04+00:00,stable-diffusion-v1-5/stable-diffusion-v1-5,451f4fe16113bff5a5d2269ed5ad43b0592e9a14,,,,2.13.0+cu126,12.6,0.39.0,NVIDIA GeForce RTX 4060 Laptop GPU,float16,DPMSolverMultistepScheduler,P2-geo,85ea0319cf2a6b0219702873d88f21092ac7334553e56c13c7603daec34b4660,322eba37a8cc00f3465f0420c556f351054c86b0fe77297c0e50f65cb6b7b494,R2,af49e3fb28a0582b9b651253dbdcb6b05822015e1936a4042fa6c041409d6c50,centre-crop 512x1536 -> 512x512 then LANCZOS resize to 512x512,0.3333,weak,strength,0.75,22,2026,512,512,30,7.5,0,img2img@512x512@tier0,True,False,pipeline default,10.02,2.512,2675.38,2958.0,4071.5,2169.37,29135e93b3930b8a150a2436c1dae3c403678eecd3f1d3ecf6a3ede243a01400,ok,,,outputs/EXP-008/EXP-008__img2img__C2__R2__weak__s0p75__512x512__seed2026__tier0.png
EXP-008,C3,img2img,2026-08-01T00:23:06+00:00,stable-diffusion-v1-5/stable-diffusion-v1-5,451f4fe16113bff5a5d2269ed5ad43b0592e9a14,,,,2.13.0+cu126,12.6,0.39.0,NVIDIA GeForce RTX 4060 Laptop GPU,float16,DPMSolverMultistepScheduler,P3-ukiyo,9c8648d75ada09e507fe921445f19ba7a2bce1905c95cf28f8f8be00fa577a96,322eba37a8cc00f3465f0420c556f351054c86b0fe77297c0e50f65cb6b7b494,R3,cfbc213f291a0408e2cc51d051929d3a09abd100fc3c1b451b640ab7da2f83ec,centre-crop 4000x2980 -> 2980x2980 then LANCZOS resize to 512x512,0.745,weak,strength,0.75,22,42,512,512,30,7.5,0,img2img@512x512@tier0,True,False,pipeline default,10.02,2.549,2675.38,2958.0,4071.5,2169.39,e31520f3bb65f251c11760311acef9f028474bd0ea2b5366f96dadc1faed0a26,ok,,,outputs/EXP-008/EXP-008__img2img__C3__R3__weak__s0p75__512x512__seed42__tier0.png
EXP-008,C3,img2img,2026-08-01T00:23:09+00:00,stable-diffusion-v1-5/stable-diffusion-v1-5,451f4fe16113bff5a5d2269ed5ad43b0592e9a14,,,,2.13.0+cu126,12.6,0.39.0,NVIDIA GeForce RTX 4060 Laptop GPU,float16,DPMSolverMultistepScheduler,P3-ukiyo,9c8648d75ada09e507fe921445f19ba7a2bce1905c95cf28f8f8be00fa577a96,322eba37a8cc00f3465f0420c556f351054c86b0fe77297c0e50f65cb6b7b494,R3,cfbc213f291a0408e2cc51d051929d3a09abd100fc3c1b451b640ab7da2f83ec,centre-crop 4000x2980 -> 2980x2980 then LANCZOS resize to 512x512,0.745,weak,strength,0.75,22,1337,512,512,30,7.5,0,img2img@512x512@tier0,True,False,pipeline default,10.02,2.637,2675.38,2958.0,4071.5,2169.41,975338ca5b48f3bafc2f20dfab0f3c15faba6c8e573e6061ddd55966f3545a3a,ok,,,outputs/EXP-008/EXP-008__img2img__C3__R3__weak__s0p75__512x512__seed1337__tier0.png
EXP-008,C3,img2img,2026-08-01T00:23:12+00:00,stable-diffusion-v1-5/stable-diffusion-v1-5,451f4fe16113bff5a5d2269ed5ad43b0592e9a14,,,,2.13.0+cu126,12.6,0.39.0,NVIDIA GeForce RTX 4060 Laptop GPU,float16,DPMSolverMultistepScheduler,P3-ukiyo,9c8648d75ada09e507fe921445f19ba7a2bce1905c95cf28f8f8be00fa577a96,322eba37a8cc00f3465f0420c556f351054c86b0fe77297c0e50f65cb6b7b494,R3,cfbc213f291a0408e2cc51d051929d3a09abd100fc3c1b451b640ab7da2f83ec,centre-crop 4000x2980 -> 2980x2980 then LANCZOS resize to 512x512,0.745,weak,strength,0.75,22,2026,512,512,30,7.5,0,img2img@512x512@tier0,True,False,pipeline default,10.02,2.617,2675.38,2958.0,4071.5,2169.44,79a2627dcc22f3c7502e8032719dfa2cabac23ebfa76aa21a383413fb2c66bf0,ok,,,outputs/EXP-008/EXP-008__img2img__C3__R3__weak__s0p75__512x512__seed2026__tier0.png
EXP-008,C4,img2img,2026-08-01T00:23:14+00:00,stable-diffusion-v1-5/stable-diffusion-v1-5,451f4fe16113bff5a5d2269ed5ad43b0592e9a14,,,,2.13.0+cu126,12.6,0.39.0,NVIDIA GeForce RTX 4060 Laptop GPU,float16,DPMSolverMultistepScheduler,P4-deck,bfd72ef751983f8a267f571a92badb946d8eb238b3cdc44f547d63b5a30bc19c,322eba37a8cc00f3465f0420c556f351054c86b0fe77297c0e50f65cb6b7b494,R4,45475315cf149fc37e17301190d8a87c72640a8e9d466534ea226413a51741d0,centre-crop 512x1536 -> 512x512 then LANCZOS resize to 512x512,0.3333,weak,strength,0.75,22,42,512,512,30,7.5,0,img2img@512x512@tier0,True,False,pipeline default,10.02,2.624,2675.38,2958.0,4071.5,2169.45,bd9e184f85d231dd2bdbf0065178b0d9bc04531ebde5c70ed176cc5af8ba352f,ok,,,outputs/EXP-008/EXP-008__img2img__C4__R4__weak__s0p75__512x512__seed42__tier0.png
EXP-008,C4,img2img,2026-08-01T00:23:17+00:00,stable-diffusion-v1-5/stable-diffusion-v1-5,451f4fe16113bff5a5d2269ed5ad43b0592e9a14,,,,2.13.0+cu126,12.6,0.39.0,NVIDIA GeForce RTX 4060 Laptop GPU,float16,DPMSolverMultistepScheduler,P4-deck,bfd72ef751983f8a267f571a92badb946d8eb238b3cdc44f547d63b5a30bc19c,322eba37a8cc00f3465f0420c556f351054c86b0fe77297c0e50f65cb6b7b494,R4,45475315cf149fc37e17301190d8a87c72640a8e9d466534ea226413a51741d0,centre-crop 512x1536 -> 512x512 then LANCZOS resize to 512x512,0.3333,weak,strength,0.75,22,1337,512,512,30,7.5,0,img2img@512x512@tier0,True,False,pipeline default,10.02,2.58,2675.38,2958.0,4071.5,2169.46,dcfa7e810d587c22e4a59c327e413b718cb8b0410c55893be594b69fcc1b2993,ok,,,outputs/EXP-008/EXP-008__img2img__C4__R4__weak__s0p75__512x512__seed1337__tier0.png
EXP-008,C4,img2img,2026-08-01T00:23:20+00:00,stable-diffusion-v1-5/stable-diffusion-v1-5,451f4fe16113bff5a5d2269ed5ad43b0592e9a14,,,,2.13.0+cu126,12.6,0.39.0,NVIDIA GeForce RTX 4060 Laptop GPU,float16,DPMSolverMultistepScheduler,P4-deck,bfd72ef751983f8a267f571a92badb946d8eb238b3cdc44f547d63b5a30bc19c,322eba37a8cc00f3465f0420c556f351054c86b0fe77297c0e50f65cb6b7b494,R4,45475315cf149fc37e17301190d8a87c72640a8e9d466534ea226413a51741d0,centre-crop 512x1536 -> 512x512 then LANCZOS resize to 512x512,0.3333,weak,strength,0.75,22,2026,512,512,30,7.5,0,img2img@512x512@tier0,True,False,pipeline default,10.02,2.533,2675.38,2958.0,4071.5,2169.46,2cbeeab9ba77ecc17a0482d234cee718b8ee935e7bb89629aade303b7fb9c3b6,ok,,,outputs/EXP-008/EXP-008__img2img__C4__R4__weak__s0p75__512x512__seed2026__tier0.png
EXP-008,C1,img2img,2026-08-01T00:23:22+00:00,stable-diffusion-v1-5/stable-diffusion-v1-5,451f4fe16113bff5a5d2269ed5ad43b0592e9a14,,,,2.13.0+cu126,12.6,0.39.0,NVIDIA GeForce RTX 4060 Laptop GPU,float16,DPMSolverMultistepScheduler,P1-poster,9c67354e368ec9b9f6e28c25781f08ad6c816ef91f74c3b969ea4591b4c24722,322eba37a8cc00f3465f0420c556f351054c86b0fe77297c0e50f65cb6b7b494,R1,515d83fc703f6bec6467aef6ae43b8d8fb7ad283aa65cc9af134dafddec3ef6c,centre-crop 690x1024 -> 690x690 then LANCZOS resize to 512x512,0.6738,medium,strength,0.6,18,42,512,512,30,7.5,0,img2img@512x512@tier0,True,False,pipeline default,10.02,2.121,2675.38,2958.0,4071.5,2169.46,8200e640eec415d2866cb5f3e8afb0a2373261920d332e77ce05043130b3e782,ok,,,outputs/EXP-008/EXP-008__img2img__C1__R1__medium__s0p6__512x512__seed42__tier0.png
EXP-008,C1,img2img,2026-08-01T00:23:24+00:00,stable-diffusion-v1-5/stable-diffusion-v1-5,451f4fe16113bff5a5d2269ed5ad43b0592e9a14,,,,2.13.0+cu126,12.6,0.39.0,NVIDIA GeForce RTX 4060 Laptop GPU,float16,DPMSolverMultistepScheduler,P1-poster,9c67354e368ec9b9f6e28c25781f08ad6c816ef91f74c3b969ea4591b4c24722,322eba37a8cc00f3465f0420c556f351054c86b0fe77297c0e50f65cb6b7b494,R1,515d83fc703f6bec6467aef6ae43b8d8fb7ad283aa65cc9af134dafddec3ef6c,centre-crop 690x1024 -> 690x690 then LANCZOS resize to 512x512,0.6738,medium,strength,0.6,18,1337,512,512,30,7.5,0,img2img@512x512@tier0,True,False,pipeline default,10.02,2.16,2675.38,2958.0,4071.5,2169.46,3e6a3d9fd9dc105872d715bb1f7b3ab5ad8e7335d1f85d53f0ce95c38c2adff3,ok,,,outputs/EXP-008/EXP-008__img2img__C1__R1__medium__s0p6__512x512__seed1337__tier0.png
EXP-008,C1,img2img,2026-08-01T00:23:26+00:00,stable-diffusion-v1-5/stable-diffusion-v1-5,451f4fe16113bff5a5d2269ed5ad43b0592e9a14,,,,2.13.0+cu126,12.6,0.39.0,NVIDIA GeForce RTX 4060 Laptop GPU,float16,DPMSolverMultistepScheduler,P1-poster,9c67354e368ec9b9f6e28c25781f08ad6c816ef91f74c3b969ea4591b4c24722,322eba37a8cc00f3465f0420c556f351054c86b0fe77297c0e50f65cb6b7b494,R1,515d83fc703f6bec6467aef6ae43b8d8fb7ad283aa65cc9af134dafddec3ef6c,centre-crop 690x1024 -> 690x690 then LANCZOS resize to 512x512,0.6738,medium,strength,0.6,18,2026,512,512,30,7.5,0,img2img@512x512@tier0,True,False,pipeline default,10.02,2.16,2675.38,2958.0,4071.5,2169.46,092525c9151d7ff67df4745cf4e7ef25c9c602ff91d6019e1098067df3627bf6,ok,,,outputs/EXP-008/EXP-008__img2img__C1__R1__medium__s0p6__512x512__seed2026__tier0.png
EXP-008,C2,img2img,2026-08-01T00:23:28+00:00,stable-diffusion-v1-5/stable-diffusion-v1-5,451f4fe16113bff5a5d2269ed5ad43b0592e9a14,,,,2.13.0+cu126,12.6,0.39.0,NVIDIA GeForce RTX 4060 Laptop GPU,float16,DPMSolverMultistepScheduler,P2-geo,85ea0319cf2a6b0219702873d88f21092ac7334553e56c13c7603daec34b4660,322eba37a8cc00f3465f0420c556f351054c86b0fe77297c0e50f65cb6b7b494,R2,af49e3fb28a0582b9b651253dbdcb6b05822015e1936a4042fa6c041409d6c50,centre-crop 512x1536 -> 512x512 then LANCZOS resize to 512x512,0.3333,medium,strength,0.6,18,42,512,512,30,7.5,0,img2img@512x512@tier0,True,False,pipeline default,10.02,2.157,2675.38,2958.0,4071.5,2169.47,fb2e807568b63cd0b52d5fbd5fe4146af0a5cb8adeedaa45f7ba94c22231aa22,ok,,,outputs/EXP-008/EXP-008__img2img__C2__R2__medium__s0p6__512x512__seed42__tier0.png
EXP-008,C2,img2img,2026-08-01T00:23:31+00:00,stable-diffusion-v1-5/stable-diffusion-v1-5,451f4fe16113bff5a5d2269ed5ad43b0592e9a14,,,,2.13.0+cu126,12.6,0.39.0,NVIDIA GeForce RTX 4060 Laptop GPU,float16,DPMSolverMultistepScheduler,P2-geo,85ea0319cf2a6b0219702873d88f21092ac7334553e56c13c7603daec34b4660,322eba37a8cc00f3465f0420c556f351054c86b0fe77297c0e50f65cb6b7b494,R2,af49e3fb28a0582b9b651253dbdcb6b05822015e1936a4042fa6c041409d6c50,centre-crop 512x1536 -> 512x512 then LANCZOS resize to 512x512,0.3333,medium,strength,0.6,18,1337,512,512,30,7.5,0,img2img@512x512@tier0,True,False,pipeline default,10.02,2.129,2675.38,2958.0,4071.5,2169.47,e464a7a8c5a00c9032741062e7c9a25887d6223070156ebc4561665ce52fd0b0,ok,,,outputs/EXP-008/EXP-008__img2img__C2__R2__medium__s0p6__512x512__seed1337__tier0.png
EXP-008,C2,img2img,2026-08-01T00:23:33+00:00,stable-diffusion-v1-5/stable-diffusion-v1-5,451f4fe16113bff5a5d2269ed5ad43b0592e9a14,,,,2.13.0+cu126,12.6,0.39.0,NVIDIA GeForce RTX 4060 Laptop GPU,float16,DPMSolverMultistepScheduler,P2-geo,85ea0319cf2a6b0219702873d88f21092ac7334553e56c13c7603daec34b4660,322eba37a8cc00f3465f0420c556f351054c86b0fe77297c0e50f65cb6b7b494,R2,af49e3fb28a0582b9b651253dbdcb6b05822015e1936a4042fa6c041409d6c50,centre-crop 512x1536 -> 512x512 then LANCZOS resize to 512x512,0.3333,medium,strength,0.6,18,2026,512,512,30,7.5,0,img2img@512x512@tier0,True,False,pipeline default,10.02,2.131,2675.38,2958.0,4071.5,2169.5,5cf2102a8dfa12c3a4478cbfd52db19340c9ffef971b29ea19ab8160395b3698,ok,,,outputs/EXP-008/EXP-008__img2img__C2__R2__medium__s0p6__512x512__seed2026__tier0.png
EXP-008,C3,img2img,2026-08-01T00:23:35+00:00,stable-diffusion-v1-5/stable-diffusion-v1-5,451f4fe16113bff5a5d2269ed5ad43b0592e9a14,,,,2.13.0+cu126,12.6,0.39.0,NVIDIA GeForce RTX 4060 Laptop GPU,float16,DPMSolverMultistepScheduler,P3-ukiyo,9c8648d75ada09e507fe921445f19ba7a2bce1905c95cf28f8f8be00fa577a96,322eba37a8cc00f3465f0420c556f351054c86b0fe77297c0e50f65cb6b7b494,R3,cfbc213f291a0408e2cc51d051929d3a09abd100fc3c1b451b640ab7da2f83ec,centre-crop 4000x2980 -> 2980x2980 then LANCZOS resize to 512x512,0.745,medium,strength,0.6,18,42,512,512,30,7.5,0,img2img@512x512@tier0,True,False,pipeline default,10.02,2.155,2675.38,2958.0,4071.5,2169.5,6db797270525a2fd136238e78760501870c5cf03f34e69c6e009d28558857ce5,ok,,,outputs/EXP-008/EXP-008__img2img__C3__R3__medium__s0p6__512x512__seed42__tier0.png
EXP-008,C3,img2img,2026-08-01T00:23:37+00:00,stable-diffusion-v1-5/stable-diffusion-v1-5,451f4fe16113bff5a5d2269ed5ad43b0592e9a14,,,,2.13.0+cu126,12.6,0.39.0,NVIDIA GeForce RTX 4060 Laptop GPU,float16,DPMSolverMultistepScheduler,P3-ukiyo,9c8648d75ada09e507fe921445f19ba7a2bce1905c95cf28f8f8be00fa577a96,322eba37a8cc00f3465f0420c556f351054c86b0fe77297c0e50f65cb6b7b494,R3,cfbc213f291a0408e2cc51d051929d3a09abd100fc3c1b451b640ab7da2f83ec,centre-crop 4000x2980 -> 2980x2980 then LANCZOS resize to 512x512,0.745,medium,strength,0.6,18,1337,512,512,30,7.5,0,img2img@512x512@tier0,True,False,pipeline default,10.02,2.153,2675.38,2958.0,4071.5,2169.51,b7ff728445fe70fc31005b4d894168aadd4710f01bdbb64b43f4817a97ff9ef6,ok,,,outputs/EXP-008/EXP-008__img2img__C3__R3__medium__s0p6__512x512__seed1337__tier0.png
EXP-008,C3,img2img,2026-08-01T00:23:39+00:00,stable-diffusion-v1-5/stable-diffusion-v1-5,451f4fe16113bff5a5d2269ed5ad43b0592e9a14,,,,2.13.0+cu126,12.6,0.39.0,NVIDIA GeForce RTX 4060 Laptop GPU,float16,DPMSolverMultistepScheduler,P3-ukiyo,9c8648d75ada09e507fe921445f19ba7a2bce1905c95cf28f8f8be00fa577a96,322eba37a8cc00f3465f0420c556f351054c86b0fe77297c0e50f65cb6b7b494,R3,cfbc213f291a0408e2cc51d051929d3a09abd100fc3c1b451b640ab7da2f83ec,centre-crop 4000x2980 -> 2980x2980 then LANCZOS resize to 512x512,0.745,medium,strength,0.6,18,2026,512,512,30,7.5,0,img2img@512x512@tier0,True,False,pipeline default,10.02,2.158,2675.38,2958.0,4071.5,2169.51,9a94eb37df1dfdc4bde7ae3d6a12250dd81f94a9c188ce9fff3f54047004bdf6,ok,,,outputs/EXP-008/EXP-008__img2img__C3__R3__medium__s0p6__512x512__seed2026__tier0.png
EXP-008,C4,img2img,2026-08-01T00:23:41+00:00,stable-diffusion-v1-5/stable-diffusion-v1-5,451f4fe16113bff5a5d2269ed5ad43b0592e9a14,,,,2.13.0+cu126,12.6,0.39.0,NVIDIA GeForce RTX 4060 Laptop GPU,float16,DPMSolverMultistepScheduler,P4-deck,bfd72ef751983f8a267f571a92badb946d8eb238b3cdc44f547d63b5a30bc19c,322eba37a8cc00f3465f0420c556f351054c86b0fe77297c0e50f65cb6b7b494,R4,45475315cf149fc37e17301190d8a87c72640a8e9d466534ea226413a51741d0,centre-crop 512x1536 -> 512x512 then LANCZOS resize to 512x512,0.3333,medium,strength,0.6,18,42,512,512,30,7.5,0,img2img@512x512@tier0,True,False,pipeline default,10.02,2.125,2675.38,2958.0,4071.5,2169.54,97d3a9f390cd9801d9dd3bf01aa5d96c3264d8bce1ff258505d5370a0f703a5d,ok,,,outputs/EXP-008/EXP-008__img2img__C4__R4__medium__s0p6__512x512__seed42__tier0.png
EXP-008,C4,img2img,2026-08-01T00:23:44+00:00,stable-diffusion-v1-5/stable-diffusion-v1-5,451f4fe16113bff5a5d2269ed5ad43b0592e9a14,,,,2.13.0+cu126,12.6,0.39.0,NVIDIA GeForce RTX 4060 Laptop GPU,float16,DPMSolverMultistepScheduler,P4-deck,bfd72ef751983f8a267f571a92badb946d8eb238b3cdc44f547d63b5a30bc19c,322eba37a8cc00f3465f0420c556f351054c86b0fe77297c0e50f65cb6b7b494,R4,45475315cf149fc37e17301190d8a87c72640a8e9d466534ea226413a51741d0,centre-crop 512x1536 -> 512x512 then LANCZOS resize to 512x512,0.3333,medium,strength,0.6,18,1337,512,512,30,7.5,0,img2img@512x512@tier0,True,False,pipeline default,10.02,2.169,2675.38,2958.0,4071.5,2169.54,5329d04a7f2d394db3f6887e5d24a6ea24e275562570238cf07da12e21a29750,ok,,,outputs/EXP-008/EXP-008__img2img__C4__R4__medium__s0p6__512x512__seed1337__tier0.png
EXP-008,C4,img2img,2026-08-01T00:23:46+00:00,stable-diffusion-v1-5/stable-diffusion-v1-5,451f4fe16113bff5a5d2269ed5ad43b0592e9a14,,,,2.13.0+cu126,12.6,0.39.0,NVIDIA GeForce RTX 4060 Laptop GPU,float16,DPMSolverMultistepScheduler,P4-deck,bfd72ef751983f8a267f571a92badb946d8eb238b3cdc44f547d63b5a30bc19c,322eba37a8cc00f3465f0420c556f351054c86b0fe77297c0e50f65cb6b7b494,R4,45475315cf149fc37e17301190d8a87c72640a8e9d466534ea226413a51741d0,centre-crop 512x1536 -> 512x512 then LANCZOS resize to 512x512,0.3333,medium,strength,0.6,18,2026,512,512,30,7.5,0,img2img@512x512@tier0,True,False,pipeline default,10.02,2.142,2675.38,2958.0,4071.5,2169.54,a59df95aed5a138647c089c62502270f267a4c57abd4b32f9d93f96d8df3e483,ok,,,outputs/EXP-008/EXP-008__img2img__C4__R4__medium__s0p6__512x512__seed2026__tier0.png
EXP-008,C1,img2img,2026-08-01T00:23:48+00:00,stable-diffusion-v1-5/stable-diffusion-v1-5,451f4fe16113bff5a5d2269ed5ad43b0592e9a14,,,,2.13.0+cu126,12.6,0.39.0,NVIDIA GeForce RTX 4060 Laptop GPU,float16,DPMSolverMultistepScheduler,P1-poster,9c67354e368ec9b9f6e28c25781f08ad6c816ef91f74c3b969ea4591b4c24722,322eba37a8cc00f3465f0420c556f351054c86b0fe77297c0e50f65cb6b7b494,R1,515d83fc703f6bec6467aef6ae43b8d8fb7ad283aa65cc9af134dafddec3ef6c,centre-crop 690x1024 -> 690x690 then LANCZOS resize to 512x512,0.6738,strong,strength,0.45,13,42,512,512,30,7.5,0,img2img@512x512@tier0,True,False,pipeline default,10.02,1.627,2675.38,2958.0,4071.5,2169.55,c7eaa615722fe6c251b70e392f0367cc17faf0bf0c362c46e1cd81aa8273d52e,ok,,,outputs/EXP-008/EXP-008__img2img__C1__R1__strong__s0p45__512x512__seed42__tier0.png
EXP-008,C1,img2img,2026-08-01T00:23:49+00:00,stable-diffusion-v1-5/stable-diffusion-v1-5,451f4fe16113bff5a5d2269ed5ad43b0592e9a14,,,,2.13.0+cu126,12.6,0.39.0,NVIDIA GeForce RTX 4060 Laptop GPU,float16,DPMSolverMultistepScheduler,P1-poster,9c67354e368ec9b9f6e28c25781f08ad6c816ef91f74c3b969ea4591b4c24722,322eba37a8cc00f3465f0420c556f351054c86b0fe77297c0e50f65cb6b7b494,R1,515d83fc703f6bec6467aef6ae43b8d8fb7ad283aa65cc9af134dafddec3ef6c,centre-crop 690x1024 -> 690x690 then LANCZOS resize to 512x512,0.6738,strong,strength,0.45,13,1337,512,512,30,7.5,0,img2img@512x512@tier0,True,False,pipeline default,10.02,1.626,2675.38,2958.0,4071.5,2169.55,292540d4f03a34ab7769daded5d6ff61b8b2a9b303fd016470d9ff778d9888ad,ok,,,outputs/EXP-008/EXP-008__img2img__C1__R1__strong__s0p45__512x512__seed1337__tier0.png
EXP-008,C1,img2img,2026-08-01T00:23:51+00:00,stable-diffusion-v1-5/stable-diffusion-v1-5,451f4fe16113bff5a5d2269ed5ad43b0592e9a14,,,,2.13.0+cu126,12.6,0.39.0,NVIDIA GeForce RTX 4060 Laptop GPU,float16,DPMSolverMultistepScheduler,P1-poster,9c67354e368ec9b9f6e28c25781f08ad6c816ef91f74c3b969ea4591b4c24722,322eba37a8cc00f3465f0420c556f351054c86b0fe77297c0e50f65cb6b7b494,R1,515d83fc703f6bec6467aef6ae43b8d8fb7ad283aa65cc9af134dafddec3ef6c,centre-crop 690x1024 -> 690x690 then LANCZOS resize to 512x512,0.6738,strong,strength,0.45,13,2026,512,512,30,7.5,0,img2img@512x512@tier0,True,False,pipeline default,10.02,1.621,2675.38,2958.0,4071.5,2169.55,171b2999d1b447ac131727ed3c3b1133f0800ff3546a4f4af4ff018661acd4cd,ok,,,outputs/EXP-008/EXP-008__img2img__C1__R1__strong__s0p45__512x512__seed2026__tier0.png
EXP-008,C2,img2img,2026-08-01T00:23:53+00:00,stable-diffusion-v1-5/stable-diffusion-v1-5,451f4fe16113bff5a5d2269ed5ad43b0592e9a14,,,,2.13.0+cu126,12.6,0.39.0,NVIDIA GeForce RTX 4060 Laptop GPU,float16,DPMSolverMultistepScheduler,P2-geo,85ea0319cf2a6b0219702873d88f21092ac7334553e56c13c7603daec34b4660,322eba37a8cc00f3465f0420c556f351054c86b0fe77297c0e50f65cb6b7b494,R2,af49e3fb28a0582b9b651253dbdcb6b05822015e1936a4042fa6c041409d6c50,centre-crop 512x1536 -> 512x512 then LANCZOS resize to 512x512,0.3333,strong,strength,0.45,13,42,512,512,30,7.5,0,img2img@512x512@tier0,True,False,pipeline default,10.02,1.614,2675.38,2958.0,4071.5,2169.56,70293434e4334087695734c1952e818913f43d49189db12d56eaca6625cd89ee,ok,,,outputs/EXP-008/EXP-008__img2img__C2__R2__strong__s0p45__512x512__seed42__tier0.png
EXP-008,C2,img2img,2026-08-01T00:23:54+00:00,stable-diffusion-v1-5/stable-diffusion-v1-5,451f4fe16113bff5a5d2269ed5ad43b0592e9a14,,,,2.13.0+cu126,12.6,0.39.0,NVIDIA GeForce RTX 4060 Laptop GPU,float16,DPMSolverMultistepScheduler,P2-geo,85ea0319cf2a6b0219702873d88f21092ac7334553e56c13c7603daec34b4660,322eba37a8cc00f3465f0420c556f351054c86b0fe77297c0e50f65cb6b7b494,R2,af49e3fb28a0582b9b651253dbdcb6b05822015e1936a4042fa6c041409d6c50,centre-crop 512x1536 -> 512x512 then LANCZOS resize to 512x512,0.3333,strong,strength,0.45,13,1337,512,512,30,7.5,0,img2img@512x512@tier0,True,False,pipeline default,10.02,1.745,2675.38,2958.0,4071.5,2169.56,feea0ff229f950625be4eaa257664d423a376808ca9a72f4bfbd9bfff3d577a3,ok,,,outputs/EXP-008/EXP-008__img2img__C2__R2__strong__s0p45__512x512__seed1337__tier0.png
EXP-008,C2,img2img,2026-08-01T00:23:56+00:00,stable-diffusion-v1-5/stable-diffusion-v1-5,451f4fe16113bff5a5d2269ed5ad43b0592e9a14,,,,2.13.0+cu126,12.6,0.39.0,NVIDIA GeForce RTX 4060 Laptop GPU,float16,DPMSolverMultistepScheduler,P2-geo,85ea0319cf2a6b0219702873d88f21092ac7334553e56c13c7603daec34b4660,322eba37a8cc00f3465f0420c556f351054c86b0fe77297c0e50f65cb6b7b494,R2,af49e3fb28a0582b9b651253dbdcb6b05822015e1936a4042fa6c041409d6c50,centre-crop 512x1536 -> 512x512 then LANCZOS resize to 512x512,0.3333,strong,strength,0.45,13,2026,512,512,30,7.5,0,img2img@512x512@tier0,True,False,pipeline default,10.02,1.634,2675.38,2958.0,4071.5,2169.57,382b22a586c76028d5b5e8367b7fc144676cfdabdf8a8ba4107bbd2900554426,ok,,,outputs/EXP-008/EXP-008__img2img__C2__R2__strong__s0p45__512x512__seed2026__tier0.png
EXP-008,C3,img2img,2026-08-01T00:23:58+00:00,stable-diffusion-v1-5/stable-diffusion-v1-5,451f4fe16113bff5a5d2269ed5ad43b0592e9a14,,,,2.13.0+cu126,12.6,0.39.0,NVIDIA GeForce RTX 4060 Laptop GPU,float16,DPMSolverMultistepScheduler,P3-ukiyo,9c8648d75ada09e507fe921445f19ba7a2bce1905c95cf28f8f8be00fa577a96,322eba37a8cc00f3465f0420c556f351054c86b0fe77297c0e50f65cb6b7b494,R3,cfbc213f291a0408e2cc51d051929d3a09abd100fc3c1b451b640ab7da2f83ec,centre-crop 4000x2980 -> 2980x2980 then LANCZOS resize to 512x512,0.745,strong,strength,0.45,13,42,512,512,30,7.5,0,img2img@512x512@tier0,True,False,pipeline default,10.02,1.624,2675.38,2958.0,4071.5,2169.57,989b628950b6e0276de85a1232e7618f334077516eb0f12eee465de1f6a207f5,ok,,,outputs/EXP-008/EXP-008__img2img__C3__R3__strong__s0p45__512x512__seed42__tier0.png
EXP-008,C3,img2img,2026-08-01T00:23:59+00:00,stable-diffusion-v1-5/stable-diffusion-v1-5,451f4fe16113bff5a5d2269ed5ad43b0592e9a14,,,,2.13.0+cu126,12.6,0.39.0,NVIDIA GeForce RTX 4060 Laptop GPU,float16,DPMSolverMultistepScheduler,P3-ukiyo,9c8648d75ada09e507fe921445f19ba7a2bce1905c95cf28f8f8be00fa577a96,322eba37a8cc00f3465f0420c556f351054c86b0fe77297c0e50f65cb6b7b494,R3,cfbc213f291a0408e2cc51d051929d3a09abd100fc3c1b451b640ab7da2f83ec,centre-crop 4000x2980 -> 2980x2980 then LANCZOS resize to 512x512,0.745,strong,strength,0.45,13,1337,512,512,30,7.5,0,img2img@512x512@tier0,True,False,pipeline default,10.02,1.629,2675.38,2958.0,4071.5,2169.57,61cccd833bb04ce3b8f9393ffa18c97fffb0b5ef406d4bab7050bdb559f5ecc6,ok,,,outputs/EXP-008/EXP-008__img2img__C3__R3__strong__s0p45__512x512__seed1337__tier0.png
EXP-008,C3,img2img,2026-08-01T00:24:01+00:00,stable-diffusion-v1-5/stable-diffusion-v1-5,451f4fe16113bff5a5d2269ed5ad43b0592e9a14,,,,2.13.0+cu126,12.6,0.39.0,NVIDIA GeForce RTX 4060 Laptop GPU,float16,DPMSolverMultistepScheduler,P3-ukiyo,9c8648d75ada09e507fe921445f19ba7a2bce1905c95cf28f8f8be00fa577a96,322eba37a8cc00f3465f0420c556f351054c86b0fe77297c0e50f65cb6b7b494,R3,cfbc213f291a0408e2cc51d051929d3a09abd100fc3c1b451b640ab7da2f83ec,centre-crop 4000x2980 -> 2980x2980 then LANCZOS resize to 512x512,0.745,strong,strength,0.45,13,2026,512,512,30,7.5,0,img2img@512x512@tier0,True,False,pipeline default,10.02,1.617,2675.38,2958.0,4071.5,2169.58,1e892a6ff2820d31cf33b6bd428eb1d64f03a79c9dbec8cf4e274bb1b628b987,ok,,,outputs/EXP-008/EXP-008__img2img__C3__R3__strong__s0p45__512x512__seed2026__tier0.png
EXP-008,C4,img2img,2026-08-01T00:24:03+00:00,stable-diffusion-v1-5/stable-diffusion-v1-5,451f4fe16113bff5a5d2269ed5ad43b0592e9a14,,,,2.13.0+cu126,12.6,0.39.0,NVIDIA GeForce RTX 4060 Laptop GPU,float16,DPMSolverMultistepScheduler,P4-deck,bfd72ef751983f8a267f571a92badb946d8eb238b3cdc44f547d63b5a30bc19c,322eba37a8cc00f3465f0420c556f351054c86b0fe77297c0e50f65cb6b7b494,R4,45475315cf149fc37e17301190d8a87c72640a8e9d466534ea226413a51741d0,centre-crop 512x1536 -> 512x512 then LANCZOS resize to 512x512,0.3333,strong,strength,0.45,13,42,512,512,30,7.5,0,img2img@512x512@tier0,True,False,pipeline default,10.02,1.617,2675.38,2958.0,4071.5,2169.58,b7bcadfe31f1fb53955ceae02f2b71649a4c1d3e213c1cec3fa83203834b1c5f,ok,,,outputs/EXP-008/EXP-008__img2img__C4__R4__strong__s0p45__512x512__seed42__tier0.png
EXP-008,C4,img2img,2026-08-01T00:24:04+00:00,stable-diffusion-v1-5/stable-diffusion-v1-5,451f4fe16113bff5a5d2269ed5ad43b0592e9a14,,,,2.13.0+cu126,12.6,0.39.0,NVIDIA GeForce RTX 4060 Laptop GPU,float16,DPMSolverMultistepScheduler,P4-deck,bfd72ef751983f8a267f571a92badb946d8eb238b3cdc44f547d63b5a30bc19c,322eba37a8cc00f3465f0420c556f351054c86b0fe77297c0e50f65cb6b7b494,R4,45475315cf149fc37e17301190d8a87c72640a8e9d466534ea226413a51741d0,centre-crop 512x1536 -> 512x512 then LANCZOS resize to 512x512,0.3333,strong,strength,0.45,13,1337,512,512,30,7.5,0,img2img@512x512@tier0,True,False,pipeline default,10.02,1.63,2675.38,2958.0,4071.5,2169.59,569c333ad13dd23930f62bbca4794f583d6935d532c597334c31ab3f7db7f23b,ok,,,outputs/EXP-008/EXP-008__img2img__C4__R4__strong__s0p45__512x512__seed1337__tier0.png
EXP-008,C4,img2img,2026-08-01T00:24:06+00:00,stable-diffusion-v1-5/stable-diffusion-v1-5,451f4fe16113bff5a5d2269ed5ad43b0592e9a14,,,,2.13.0+cu126,12.6,0.39.0,NVIDIA GeForce RTX 4060 Laptop GPU,float16,DPMSolverMultistepScheduler,P4-deck,bfd72ef751983f8a267f571a92badb946d8eb238b3cdc44f547d63b5a30bc19c,322eba37a8cc00f3465f0420c556f351054c86b0fe77297c0e50f65cb6b7b494,R4,45475315cf149fc37e17301190d8a87c72640a8e9d466534ea226413a51741d0,centre-crop 512x1536 -> 512x512 then LANCZOS resize to 512x512,0.3333,strong,strength,0.45,13,2026,512,512,30,7.5,0,img2img@512x512@tier0,True,False,pipeline default,10.02,1.629,2675.38,2958.0,4071.5,2169.59,88d68e88249cbf5a23f70abfea5dcf5820d545f03bef840dee48545a8e2c4bba,ok,,,outputs/EXP-008/EXP-008__img2img__C4__R4__strong__s0p45__512x512__seed2026__tier0.png
EXP-008,C1,img2img,2026-08-01T00:24:07+00:00,stable-diffusion-v1-5/stable-diffusion-v1-5,451f4fe16113bff5a5d2269ed5ad43b0592e9a14,,,,2.13.0+cu126,12.6,0.39.0,NVIDIA GeForce RTX 4060 Laptop GPU,float16,DPMSolverMultistepScheduler,P1-poster,9c67354e368ec9b9f6e28c25781f08ad6c816ef91f74c3b969ea4591b4c24722,322eba37a8cc00f3465f0420c556f351054c86b0fe77297c0e50f65cb6b7b494,R1,515d83fc703f6bec6467aef6ae43b8d8fb7ad283aa65cc9af134dafddec3ef6c,centre-crop 690x1024 -> 690x690 then LANCZOS resize to 512x512,0.6738,strong,strength,0.3,9,42,512,512,30,7.5,0,img2img@512x512@tier0,True,False,pipeline default,10.02,1.225,2675.38,2958.0,4071.5,2169.59,8b358ac11ab65986e1860e14cc779da27c6937c6b536d702dd3d7a348a5f2d26,ok,,,outputs/EXP-008/EXP-008__img2img__C1__R1__strong__s0p3__512x512__seed42__tier0.png
EXP-008,C1,img2img,2026-08-01T00:24:09+00:00,stable-diffusion-v1-5/stable-diffusion-v1-5,451f4fe16113bff5a5d2269ed5ad43b0592e9a14,,,,2.13.0+cu126,12.6,0.39.0,NVIDIA GeForce RTX 4060 Laptop GPU,float16,DPMSolverMultistepScheduler,P1-poster,9c67354e368ec9b9f6e28c25781f08ad6c816ef91f74c3b969ea4591b4c24722,322eba37a8cc00f3465f0420c556f351054c86b0fe77297c0e50f65cb6b7b494,R1,515d83fc703f6bec6467aef6ae43b8d8fb7ad283aa65cc9af134dafddec3ef6c,centre-crop 690x1024 -> 690x690 then LANCZOS resize to 512x512,0.6738,strong,strength,0.3,9,1337,512,512,30,7.5,0,img2img@512x512@tier0,True,False,pipeline default,10.02,1.21,2675.38,2958.0,4071.5,2169.6,e80054b3bd7f2375110d0ef3b1747f5a8ca830294ec1a7c14fd28a36f9c23ed6,ok,,,outputs/EXP-008/EXP-008__img2img__C1__R1__strong__s0p3__512x512__seed1337__tier0.png
EXP-008,C1,img2img,2026-08-01T00:24:10+00:00,stable-diffusion-v1-5/stable-diffusion-v1-5,451f4fe16113bff5a5d2269ed5ad43b0592e9a14,,,,2.13.0+cu126,12.6,0.39.0,NVIDIA GeForce RTX 4060 Laptop GPU,float16,DPMSolverMultistepScheduler,P1-poster,9c67354e368ec9b9f6e28c25781f08ad6c816ef91f74c3b969ea4591b4c24722,322eba37a8cc00f3465f0420c556f351054c86b0fe77297c0e50f65cb6b7b494,R1,515d83fc703f6bec6467aef6ae43b8d8fb7ad283aa65cc9af134dafddec3ef6c,centre-crop 690x1024 -> 690x690 then LANCZOS resize to 512x512,0.6738,strong,strength,0.3,9,2026,512,512,30,7.5,0,img2img@512x512@tier0,True,False,pipeline default,10.02,1.207,2675.38,2958.0,4071.5,2169.61,5370a59f035de2eb5d4aabb76460f5105aff3ef4354813c10fab4ff585760c0d,ok,,,outputs/EXP-008/EXP-008__img2img__C1__R1__strong__s0p3__512x512__seed2026__tier0.png
EXP-008,C2,img2img,2026-08-01T00:24:11+00:00,stable-diffusion-v1-5/stable-diffusion-v1-5,451f4fe16113bff5a5d2269ed5ad43b0592e9a14,,,,2.13.0+cu126,12.6,0.39.0,NVIDIA GeForce RTX 4060 Laptop GPU,float16,DPMSolverMultistepScheduler,P2-geo,85ea0319cf2a6b0219702873d88f21092ac7334553e56c13c7603daec34b4660,322eba37a8cc00f3465f0420c556f351054c86b0fe77297c0e50f65cb6b7b494,R2,af49e3fb28a0582b9b651253dbdcb6b05822015e1936a4042fa6c041409d6c50,centre-crop 512x1536 -> 512x512 then LANCZOS resize to 512x512,0.3333,strong,strength,0.3,9,42,512,512,30,7.5,0,img2img@512x512@tier0,True,False,pipeline default,10.02,1.205,2675.38,2958.0,4071.5,2169.61,e22cb195d82a25a5859cb6058f04272e26fe23d1b9bd2d0da41595f498ff8c78,ok,,,outputs/EXP-008/EXP-008__img2img__C2__R2__strong__s0p3__512x512__seed42__tier0.png
EXP-008,C2,img2img,2026-08-01T00:24:12+00:00,stable-diffusion-v1-5/stable-diffusion-v1-5,451f4fe16113bff5a5d2269ed5ad43b0592e9a14,,,,2.13.0+cu126,12.6,0.39.0,NVIDIA GeForce RTX 4060 Laptop GPU,float16,DPMSolverMultistepScheduler,P2-geo,85ea0319cf2a6b0219702873d88f21092ac7334553e56c13c7603daec34b4660,322eba37a8cc00f3465f0420c556f351054c86b0fe77297c0e50f65cb6b7b494,R2,af49e3fb28a0582b9b651253dbdcb6b05822015e1936a4042fa6c041409d6c50,centre-crop 512x1536 -> 512x512 then LANCZOS resize to 512x512,0.3333,strong,strength,0.3,9,1337,512,512,30,7.5,0,img2img@512x512@tier0,True,False,pipeline default,10.02,1.206,2675.38,2958.0,4071.5,2169.61,54090ec798f9f0f326a2678d4b691cb311dff80dca0fe4f8645fa85dbb44a5cb,ok,,,outputs/EXP-008/EXP-008__img2img__C2__R2__strong__s0p3__512x512__seed1337__tier0.png
EXP-008,C2,img2img,2026-08-01T00:24:14+00:00,stable-diffusion-v1-5/stable-diffusion-v1-5,451f4fe16113bff5a5d2269ed5ad43b0592e9a14,,,,2.13.0+cu126,12.6,0.39.0,NVIDIA GeForce RTX 4060 Laptop GPU,float16,DPMSolverMultistepScheduler,P2-geo,85ea0319cf2a6b0219702873d88f21092ac7334553e56c13c7603daec34b4660,322eba37a8cc00f3465f0420c556f351054c86b0fe77297c0e50f65cb6b7b494,R2,af49e3fb28a0582b9b651253dbdcb6b05822015e1936a4042fa6c041409d6c50,centre-crop 512x1536 -> 512x512 then LANCZOS resize to 512x512,0.3333,strong,strength,0.3,9,2026,512,512,30,7.5,0,img2img@512x512@tier0,True,False,pipeline default,10.02,1.209,2675.38,2958.0,4071.5,2169.63,95b1c3903a6dba1c54b3006c55eca9e34d2fba5e47922cbe484984906715d26b,ok,,,outputs/EXP-008/EXP-008__img2img__C2__R2__strong__s0p3__512x512__seed2026__tier0.png
EXP-008,C3,img2img,2026-08-01T00:24:15+00:00,stable-diffusion-v1-5/stable-diffusion-v1-5,451f4fe16113bff5a5d2269ed5ad43b0592e9a14,,,,2.13.0+cu126,12.6,0.39.0,NVIDIA GeForce RTX 4060 Laptop GPU,float16,DPMSolverMultistepScheduler,P3-ukiyo,9c8648d75ada09e507fe921445f19ba7a2bce1905c95cf28f8f8be00fa577a96,322eba37a8cc00f3465f0420c556f351054c86b0fe77297c0e50f65cb6b7b494,R3,cfbc213f291a0408e2cc51d051929d3a09abd100fc3c1b451b640ab7da2f83ec,centre-crop 4000x2980 -> 2980x2980 then LANCZOS resize to 512x512,0.745,strong,strength,0.3,9,42,512,512,30,7.5,0,img2img@512x512@tier0,True,False,pipeline default,10.02,1.211,2675.38,2958.0,4071.5,2169.63,4388d5967fc0aa115facfbfa2486f2dbab7683b0536cd383db50ed506d7b6e0b,ok,,,outputs/EXP-008/EXP-008__img2img__C3__R3__strong__s0p3__512x512__seed42__tier0.png
EXP-008,C3,img2img,2026-08-01T00:24:16+00:00,stable-diffusion-v1-5/stable-diffusion-v1-5,451f4fe16113bff5a5d2269ed5ad43b0592e9a14,,,,2.13.0+cu126,12.6,0.39.0,NVIDIA GeForce RTX 4060 Laptop GPU,float16,DPMSolverMultistepScheduler,P3-ukiyo,9c8648d75ada09e507fe921445f19ba7a2bce1905c95cf28f8f8be00fa577a96,322eba37a8cc00f3465f0420c556f351054c86b0fe77297c0e50f65cb6b7b494,R3,cfbc213f291a0408e2cc51d051929d3a09abd100fc3c1b451b640ab7da2f83ec,centre-crop 4000x2980 -> 2980x2980 then LANCZOS resize to 512x512,0.745,strong,strength,0.3,9,1337,512,512,30,7.5,0,img2img@512x512@tier0,True,False,pipeline default,10.02,1.203,2675.38,2958.0,4071.5,2169.64,4fbf927afbb6886cd97f2dc3070c798bb4826bea17a41e0fd645384a8d47c8ec,ok,,,outputs/EXP-008/EXP-008__img2img__C3__R3__strong__s0p3__512x512__seed1337__tier0.png
EXP-008,C3,img2img,2026-08-01T00:24:17+00:00,stable-diffusion-v1-5/stable-diffusion-v1-5,451f4fe16113bff5a5d2269ed5ad43b0592e9a14,,,,2.13.0+cu126,12.6,0.39.0,NVIDIA GeForce RTX 4060 Laptop GPU,float16,DPMSolverMultistepScheduler,P3-ukiyo,9c8648d75ada09e507fe921445f19ba7a2bce1905c95cf28f8f8be00fa577a96,322eba37a8cc00f3465f0420c556f351054c86b0fe77297c0e50f65cb6b7b494,R3,cfbc213f291a0408e2cc51d051929d3a09abd100fc3c1b451b640ab7da2f83ec,centre-crop 4000x2980 -> 2980x2980 then LANCZOS resize to 512x512,0.745,strong,strength,0.3,9,2026,512,512,30,7.5,0,img2img@512x512@tier0,True,False,pipeline default,10.02,1.205,2675.38,2958.0,4071.5,2169.64,ce68cf4151acb556406a134aa744424bd6974dc3c4e28ed2e21b2f197979c4fe,ok,,,outputs/EXP-008/EXP-008__img2img__C3__R3__strong__s0p3__512x512__seed2026__tier0.png
EXP-008,C4,img2img,2026-08-01T00:24:19+00:00,stable-diffusion-v1-5/stable-diffusion-v1-5,451f4fe16113bff5a5d2269ed5ad43b0592e9a14,,,,2.13.0+cu126,12.6,0.39.0,NVIDIA GeForce RTX 4060 Laptop GPU,float16,DPMSolverMultistepScheduler,P4-deck,bfd72ef751983f8a267f571a92badb946d8eb238b3cdc44f547d63b5a30bc19c,322eba37a8cc00f3465f0420c556f351054c86b0fe77297c0e50f65cb6b7b494,R4,45475315cf149fc37e17301190d8a87c72640a8e9d466534ea226413a51741d0,centre-crop 512x1536 -> 512x512 then LANCZOS resize to 512x512,0.3333,strong,strength,0.3,9,42,512,512,30,7.5,0,img2img@512x512@tier0,True,False,pipeline default,10.02,1.213,2675.38,2958.0,4071.5,2169.64,3b86ca96035cf6b2ed1075eb5db2f10f8cd7bac97dbcc971a1d0ff2cff67226f,ok,,,outputs/EXP-008/EXP-008__img2img__C4__R4__strong__s0p3__512x512__seed42__tier0.png
EXP-008,C4,img2img,2026-08-01T00:24:20+00:00,stable-diffusion-v1-5/stable-diffusion-v1-5,451f4fe16113bff5a5d2269ed5ad43b0592e9a14,,,,2.13.0+cu126,12.6,0.39.0,NVIDIA GeForce RTX 4060 Laptop GPU,float16,DPMSolverMultistepScheduler,P4-deck,bfd72ef751983f8a267f571a92badb946d8eb238b3cdc44f547d63b5a30bc19c,322eba37a8cc00f3465f0420c556f351054c86b0fe77297c0e50f65cb6b7b494,R4,45475315cf149fc37e17301190d8a87c72640a8e9d466534ea226413a51741d0,centre-crop 512x1536 -> 512x512 then LANCZOS resize to 512x512,0.3333,strong,strength,0.3,9,1337,512,512,30,7.5,0,img2img@512x512@tier0,True,False,pipeline default,10.02,1.21,2675.38,2958.0,4071.5,2169.64,1702452ad26f152c9eaf87c3781f20abe7b700cca94369f236d9f26cf55f50ea,ok,,,outputs/EXP-008/EXP-008__img2img__C4__R4__strong__s0p3__512x512__seed1337__tier0.png
EXP-008,C4,img2img,2026-08-01T00:24:21+00:00,stable-diffusion-v1-5/stable-diffusion-v1-5,451f4fe16113bff5a5d2269ed5ad43b0592e9a14,,,,2.13.0+cu126,12.6,0.39.0,NVIDIA GeForce RTX 4060 Laptop GPU,float16,DPMSolverMultistepScheduler,P4-deck,bfd72ef751983f8a267f571a92badb946d8eb238b3cdc44f547d63b5a30bc19c,322eba37a8cc00f3465f0420c556f351054c86b0fe77297c0e50f65cb6b7b494,R4,45475315cf149fc37e17301190d8a87c72640a8e9d466534ea226413a51741d0,centre-crop 512x1536 -> 512x512 then LANCZOS resize to 512x512,0.3333,strong,strength,0.3,9,2026,512,512,30,7.5,0,img2img@512x512@tier0,True,False,pipeline default,10.02,1.208,2675.38,2958.0,4071.5,2169.64,0a8144ea985d7ce71aa2f15a769314c854c30ebb97f1d30146cf1ebd2a1d8ffb,ok,,,outputs/EXP-008/EXP-008__img2img__C4__R4__strong__s0p3__512x512__seed2026__tier0.png
EXP-008,C1,img2img,2026-08-01T00:24:24+00:00,stable-diffusion-v1-5/stable-diffusion-v1-5,451f4fe16113bff5a5d2269ed5ad43b0592e9a14,,,,2.13.0+cu126,12.6,0.39.0,NVIDIA GeForce RTX 4060 Laptop GPU,float16,DPMSolverMultistepScheduler,P1-poster,9c67354e368ec9b9f6e28c25781f08ad6c816ef91f74c3b969ea4591b4c24722,322eba37a8cc00f3465f0420c556f351054c86b0fe77297c0e50f65cb6b7b494,R1,515d83fc703f6bec6467aef6ae43b8d8fb7ad283aa65cc9af134dafddec3ef6c,centre-crop 690x1024 -> 690x690 then LANCZOS resize to 512x512,0.6738,weak,strength,0.85,25,42,512,512,30,7.5,0,img2img@512x512@tier0,True,False,pipeline default,10.02,2.874,2675.38,2958.0,4071.5,2169.65,5a4ba2d1dbf8efd6f663db41b09d3031912b6a55d24f8e3ab1037932085b3cfc,ok,,,outputs/EXP-008/EXP-008__img2img__C1__R1__weak__s0p85__512x512__seed42__tier0.png
EXP-008,C1,img2img,2026-08-01T00:24:27+00:00,stable-diffusion-v1-5/stable-diffusion-v1-5,451f4fe16113bff5a5d2269ed5ad43b0592e9a14,,,,2.13.0+cu126,12.6,0.39.0,NVIDIA GeForce RTX 4060 Laptop GPU,float16,DPMSolverMultistepScheduler,P1-poster,9c67354e368ec9b9f6e28c25781f08ad6c816ef91f74c3b969ea4591b4c24722,322eba37a8cc00f3465f0420c556f351054c86b0fe77297c0e50f65cb6b7b494,R1,515d83fc703f6bec6467aef6ae43b8d8fb7ad283aa65cc9af134dafddec3ef6c,centre-crop 690x1024 -> 690x690 then LANCZOS resize to 512x512,0.6738,weak,strength,0.85,25,1337,512,512,30,7.5,0,img2img@512x512@tier0,True,False,pipeline default,10.02,2.883,2675.38,2958.0,4071.5,2169.64,0812fd959e95386497c4998afa38b610fed491991812c9b7dd8ec33649b8d1d1,ok,,,outputs/EXP-008/EXP-008__img2img__C1__R1__weak__s0p85__512x512__seed1337__tier0.png
EXP-008,C1,img2img,2026-08-01T00:24:30+00:00,stable-diffusion-v1-5/stable-diffusion-v1-5,451f4fe16113bff5a5d2269ed5ad43b0592e9a14,,,,2.13.0+cu126,12.6,0.39.0,NVIDIA GeForce RTX 4060 Laptop GPU,float16,DPMSolverMultistepScheduler,P1-poster,9c67354e368ec9b9f6e28c25781f08ad6c816ef91f74c3b969ea4591b4c24722,322eba37a8cc00f3465f0420c556f351054c86b0fe77297c0e50f65cb6b7b494,R1,515d83fc703f6bec6467aef6ae43b8d8fb7ad283aa65cc9af134dafddec3ef6c,centre-crop 690x1024 -> 690x690 then LANCZOS resize to 512x512,0.6738,weak,strength,0.85,25,2026,512,512,30,7.5,0,img2img@512x512@tier0,True,False,pipeline default,10.02,2.862,2675.38,2958.0,4071.5,2169.65,881b4c67f16574941ff26ac479e9ba640baa7df7861c2b1f2ea69ef35f027540,ok,,,outputs/EXP-008/EXP-008__img2img__C1__R1__weak__s0p85__512x512__seed2026__tier0.png
EXP-008,C2,img2img,2026-08-01T00:24:33+00:00,stable-diffusion-v1-5/stable-diffusion-v1-5,451f4fe16113bff5a5d2269ed5ad43b0592e9a14,,,,2.13.0+cu126,12.6,0.39.0,NVIDIA GeForce RTX 4060 Laptop GPU,float16,DPMSolverMultistepScheduler,P2-geo,85ea0319cf2a6b0219702873d88f21092ac7334553e56c13c7603daec34b4660,322eba37a8cc00f3465f0420c556f351054c86b0fe77297c0e50f65cb6b7b494,R2,af49e3fb28a0582b9b651253dbdcb6b05822015e1936a4042fa6c041409d6c50,centre-crop 512x1536 -> 512x512 then LANCZOS resize to 512x512,0.3333,weak,strength,0.85,25,42,512,512,30,7.5,0,img2img@512x512@tier0,True,False,pipeline default,10.02,2.853,2675.38,2958.0,4071.5,2169.65,1de644927d760e6756b4c795301fe37c92c7e92f6fd7d6c568b1ff79c7856bde,ok,,,outputs/EXP-008/EXP-008__img2img__C2__R2__weak__s0p85__512x512__seed42__tier0.png
EXP-008,C2,img2img,2026-08-01T00:24:36+00:00,stable-diffusion-v1-5/stable-diffusion-v1-5,451f4fe16113bff5a5d2269ed5ad43b0592e9a14,,,,2.13.0+cu126,12.6,0.39.0,NVIDIA GeForce RTX 4060 Laptop GPU,float16,DPMSolverMultistepScheduler,P2-geo,85ea0319cf2a6b0219702873d88f21092ac7334553e56c13c7603daec34b4660,322eba37a8cc00f3465f0420c556f351054c86b0fe77297c0e50f65cb6b7b494,R2,af49e3fb28a0582b9b651253dbdcb6b05822015e1936a4042fa6c041409d6c50,centre-crop 512x1536 -> 512x512 then LANCZOS resize to 512x512,0.3333,weak,strength,0.85,25,1337,512,512,30,7.5,0,img2img@512x512@tier0,True,False,pipeline default,10.02,2.855,2675.38,2958.0,4071.5,2169.65,028a21c8927ed332206c1408abec5e5f2d6a99828268cb2b6f18641a536fcbbf,ok,,,outputs/EXP-008/EXP-008__img2img__C2__R2__weak__s0p85__512x512__seed1337__tier0.png
EXP-008,C2,img2img,2026-08-01T00:24:39+00:00,stable-diffusion-v1-5/stable-diffusion-v1-5,451f4fe16113bff5a5d2269ed5ad43b0592e9a14,,,,2.13.0+cu126,12.6,0.39.0,NVIDIA GeForce RTX 4060 Laptop GPU,float16,DPMSolverMultistepScheduler,P2-geo,85ea0319cf2a6b0219702873d88f21092ac7334553e56c13c7603daec34b4660,322eba37a8cc00f3465f0420c556f351054c86b0fe77297c0e50f65cb6b7b494,R2,af49e3fb28a0582b9b651253dbdcb6b05822015e1936a4042fa6c041409d6c50,centre-crop 512x1536 -> 512x512 then LANCZOS resize to 512x512,0.3333,weak,strength,0.85,25,2026,512,512,30,7.5,0,img2img@512x512@tier0,True,False,pipeline default,10.02,2.874,2675.38,2958.0,4071.5,2169.65,3155770ef7fd22e8e24f9102745bcad51b84e7f2d664fbc56a233b03f3aa1a4b,ok,,,outputs/EXP-008/EXP-008__img2img__C2__R2__weak__s0p85__512x512__seed2026__tier0.png
EXP-008,C3,img2img,2026-08-01T00:24:42+00:00,stable-diffusion-v1-5/stable-diffusion-v1-5,451f4fe16113bff5a5d2269ed5ad43b0592e9a14,,,,2.13.0+cu126,12.6,0.39.0,NVIDIA GeForce RTX 4060 Laptop GPU,float16,DPMSolverMultistepScheduler,P3-ukiyo,9c8648d75ada09e507fe921445f19ba7a2bce1905c95cf28f8f8be00fa577a96,322eba37a8cc00f3465f0420c556f351054c86b0fe77297c0e50f65cb6b7b494,R3,cfbc213f291a0408e2cc51d051929d3a09abd100fc3c1b451b640ab7da2f83ec,centre-crop 4000x2980 -> 2980x2980 then LANCZOS resize to 512x512,0.745,weak,strength,0.85,25,42,512,512,30,7.5,0,img2img@512x512@tier0,True,False,pipeline default,10.02,2.847,2675.38,2958.0,4071.5,2169.65,8a7a8ebf14e60d59b55122e23e9232d2a75d86313db278601ca05fb3ee598ac6,ok,,,outputs/EXP-008/EXP-008__img2img__C3__R3__weak__s0p85__512x512__seed42__tier0.png
EXP-008,C3,img2img,2026-08-01T00:24:44+00:00,stable-diffusion-v1-5/stable-diffusion-v1-5,451f4fe16113bff5a5d2269ed5ad43b0592e9a14,,,,2.13.0+cu126,12.6,0.39.0,NVIDIA GeForce RTX 4060 Laptop GPU,float16,DPMSolverMultistepScheduler,P3-ukiyo,9c8648d75ada09e507fe921445f19ba7a2bce1905c95cf28f8f8be00fa577a96,322eba37a8cc00f3465f0420c556f351054c86b0fe77297c0e50f65cb6b7b494,R3,cfbc213f291a0408e2cc51d051929d3a09abd100fc3c1b451b640ab7da2f83ec,centre-crop 4000x2980 -> 2980x2980 then LANCZOS resize to 512x512,0.745,weak,strength,0.85,25,1337,512,512,30,7.5,0,img2img@512x512@tier0,True,False,pipeline default,10.02,2.849,2675.38,2958.0,4071.5,2169.66,b92c5738899e79df16e66754bd4d67e7ab063078531ba83967c9aa820b9e1eae,ok,,,outputs/EXP-008/EXP-008__img2img__C3__R3__weak__s0p85__512x512__seed1337__tier0.png
EXP-008,C3,img2img,2026-08-01T00:24:47+00:00,stable-diffusion-v1-5/stable-diffusion-v1-5,451f4fe16113bff5a5d2269ed5ad43b0592e9a14,,,,2.13.0+cu126,12.6,0.39.0,NVIDIA GeForce RTX 4060 Laptop GPU,float16,DPMSolverMultistepScheduler,P3-ukiyo,9c8648d75ada09e507fe921445f19ba7a2bce1905c95cf28f8f8be00fa577a96,322eba37a8cc00f3465f0420c556f351054c86b0fe77297c0e50f65cb6b7b494,R3,cfbc213f291a0408e2cc51d051929d3a09abd100fc3c1b451b640ab7da2f83ec,centre-crop 4000x2980 -> 2980x2980 then LANCZOS resize to 512x512,0.745,weak,strength,0.85,25,2026,512,512,30,7.5,0,img2img@512x512@tier0,True,False,pipeline default,10.02,2.867,2675.38,2958.0,4071.5,2169.66,c6546e69dee472abeb33836ee78073e3c1e5fcddd3b1586ff170623e5384d6d9,ok,,,outputs/EXP-008/EXP-008__img2img__C3__R3__weak__s0p85__512x512__seed2026__tier0.png
EXP-008,C4,img2img,2026-08-01T00:24:50+00:00,stable-diffusion-v1-5/stable-diffusion-v1-5,451f4fe16113bff5a5d2269ed5ad43b0592e9a14,,,,2.13.0+cu126,12.6,0.39.0,NVIDIA GeForce RTX 4060 Laptop GPU,float16,DPMSolverMultistepScheduler,P4-deck,bfd72ef751983f8a267f571a92badb946d8eb238b3cdc44f547d63b5a30bc19c,322eba37a8cc00f3465f0420c556f351054c86b0fe77297c0e50f65cb6b7b494,R4,45475315cf149fc37e17301190d8a87c72640a8e9d466534ea226413a51741d0,centre-crop 512x1536 -> 512x512 then LANCZOS resize to 512x512,0.3333,weak,strength,0.85,25,42,512,512,30,7.5,0,img2img@512x512@tier0,True,False,pipeline default,10.02,2.852,2675.38,2958.0,4071.5,2169.66,0881e36dbdb25e450bdcbd6221d36b0c484ac97ba1c978759c33a81023e259b4,ok,,,outputs/EXP-008/EXP-008__img2img__C4__R4__weak__s0p85__512x512__seed42__tier0.png
EXP-008,C4,img2img,2026-08-01T00:24:53+00:00,stable-diffusion-v1-5/stable-diffusion-v1-5,451f4fe16113bff5a5d2269ed5ad43b0592e9a14,,,,2.13.0+cu126,12.6,0.39.0,NVIDIA GeForce RTX 4060 Laptop GPU,float16,DPMSolverMultistepScheduler,P4-deck,bfd72ef751983f8a267f571a92badb946d8eb238b3cdc44f547d63b5a30bc19c,322eba37a8cc00f3465f0420c556f351054c86b0fe77297c0e50f65cb6b7b494,R4,45475315cf149fc37e17301190d8a87c72640a8e9d466534ea226413a51741d0,centre-crop 512x1536 -> 512x512 then LANCZOS resize to 512x512,0.3333,weak,strength,0.85,25,1337,512,512,30,7.5,0,img2img@512x512@tier0,True,False,pipeline default,10.02,2.872,2675.38,2958.0,4071.5,2169.66,cc6bd08194de9018d332a47b0dabdf1bf9d3b925cb50085465dab3b9f74ea329,ok,,,outputs/EXP-008/EXP-008__img2img__C4__R4__weak__s0p85__512x512__seed1337__tier0.png
EXP-008,C4,img2img,2026-08-01T00:24:56+00:00,stable-diffusion-v1-5/stable-diffusion-v1-5,451f4fe16113bff5a5d2269ed5ad43b0592e9a14,,,,2.13.0+cu126,12.6,0.39.0,NVIDIA GeForce RTX 4060 Laptop GPU,float16,DPMSolverMultistepScheduler,P4-deck,bfd72ef751983f8a267f571a92badb946d8eb238b3cdc44f547d63b5a30bc19c,322eba37a8cc00f3465f0420c556f351054c86b0fe77297c0e50f65cb6b7b494,R4,45475315cf149fc37e17301190d8a87c72640a8e9d466534ea226413a51741d0,centre-crop 512x1536 -> 512x512 then LANCZOS resize to 512x512,0.3333,weak,strength,0.85,25,2026,512,512,30,7.5,0,img2img@512x512@tier0,True,False,pipeline default,10.02,2.863,2675.38,2958.0,4071.5,2169.66,438ef20c350b7b88235a7cf71805d402d910d4a06aedb27853ca36b45f83c38d,ok,,,outputs/EXP-008/EXP-008__img2img__C4__R4__weak__s0p85__512x512__seed2026__tier0.png
EXP-008,C1,img2img,2026-08-01T00:24:59+00:00,stable-diffusion-v1-5/stable-diffusion-v1-5,451f4fe16113bff5a5d2269ed5ad43b0592e9a14,,,,2.13.0+cu126,12.6,0.39.0,NVIDIA GeForce RTX 4060 Laptop GPU,float16,DPMSolverMultistepScheduler,P1-poster,9c67354e368ec9b9f6e28c25781f08ad6c816ef91f74c3b969ea4591b4c24722,322eba37a8cc00f3465f0420c556f351054c86b0fe77297c0e50f65cb6b7b494,R1,515d83fc703f6bec6467aef6ae43b8d8fb7ad283aa65cc9af134dafddec3ef6c,centre-crop 690x1024 -> 690x690 then LANCZOS resize to 512x512,0.6738,medium,strength,0.65,19,42,512,512,30,7.5,0,img2img@512x512@tier0,True,False,pipeline default,10.02,2.281,2675.38,2958.0,4071.5,2169.66,3d78ff942da4202aa8a27a00e2e53b34dabdd7a444eba1f63fc1e52b280c137b,ok,,,outputs/EXP-008/EXP-008__img2img__C1__R1__medium__s0p65__512x512__seed42__tier0.png
EXP-008,C1,img2img,2026-08-01T00:25:01+00:00,stable-diffusion-v1-5/stable-diffusion-v1-5,451f4fe16113bff5a5d2269ed5ad43b0592e9a14,,,,2.13.0+cu126,12.6,0.39.0,NVIDIA GeForce RTX 4060 Laptop GPU,float16,DPMSolverMultistepScheduler,P1-poster,9c67354e368ec9b9f6e28c25781f08ad6c816ef91f74c3b969ea4591b4c24722,322eba37a8cc00f3465f0420c556f351054c86b0fe77297c0e50f65cb6b7b494,R1,515d83fc703f6bec6467aef6ae43b8d8fb7ad283aa65cc9af134dafddec3ef6c,centre-crop 690x1024 -> 690x690 then LANCZOS resize to 512x512,0.6738,medium,strength,0.65,19,1337,512,512,30,7.5,0,img2img@512x512@tier0,True,False,pipeline default,10.02,2.268,2675.38,2958.0,4071.5,2169.66,12ad8f0edc5401e04bfbac61695679ac66d1c4e8865bec89731666071947e603,ok,,,outputs/EXP-008/EXP-008__img2img__C1__R1__medium__s0p65__512x512__seed1337__tier0.png
EXP-008,C1,img2img,2026-08-01T00:25:03+00:00,stable-diffusion-v1-5/stable-diffusion-v1-5,451f4fe16113bff5a5d2269ed5ad43b0592e9a14,,,,2.13.0+cu126,12.6,0.39.0,NVIDIA GeForce RTX 4060 Laptop GPU,float16,DPMSolverMultistepScheduler,P1-poster,9c67354e368ec9b9f6e28c25781f08ad6c816ef91f74c3b969ea4591b4c24722,322eba37a8cc00f3465f0420c556f351054c86b0fe77297c0e50f65cb6b7b494,R1,515d83fc703f6bec6467aef6ae43b8d8fb7ad283aa65cc9af134dafddec3ef6c,centre-crop 690x1024 -> 690x690 then LANCZOS resize to 512x512,0.6738,medium,strength,0.65,19,2026,512,512,30,7.5,0,img2img@512x512@tier0,True,False,pipeline default,10.02,2.269,2675.38,2958.0,4071.5,2169.67,dc54f72d0d12a6deb62bf39f52e76c3781fa5c4a03a3b2a20386073c190d352b,ok,,,outputs/EXP-008/EXP-008__img2img__C1__R1__medium__s0p65__512x512__seed2026__tier0.png
EXP-008,C2,img2img,2026-08-01T00:25:06+00:00,stable-diffusion-v1-5/stable-diffusion-v1-5,451f4fe16113bff5a5d2269ed5ad43b0592e9a14,,,,2.13.0+cu126,12.6,0.39.0,NVIDIA GeForce RTX 4060 Laptop GPU,float16,DPMSolverMultistepScheduler,P2-geo,85ea0319cf2a6b0219702873d88f21092ac7334553e56c13c7603daec34b4660,322eba37a8cc00f3465f0420c556f351054c86b0fe77297c0e50f65cb6b7b494,R2,af49e3fb28a0582b9b651253dbdcb6b05822015e1936a4042fa6c041409d6c50,centre-crop 512x1536 -> 512x512 then LANCZOS resize to 512x512,0.3333,medium,strength,0.65,19,42,512,512,30,7.5,0,img2img@512x512@tier0,True,False,pipeline default,10.02,2.298,2675.38,2958.0,4071.5,2169.66,ab566a954193ecb62ad21bde5acfa29db9c8ebb022182681c31a90a60bf2ecc8,ok,,,outputs/EXP-008/EXP-008__img2img__C2__R2__medium__s0p65__512x512__seed42__tier0.png
EXP-008,C2,img2img,2026-08-01T00:25:09+00:00,stable-diffusion-v1-5/stable-diffusion-v1-5,451f4fe16113bff5a5d2269ed5ad43b0592e9a14,,,,2.13.0+cu126,12.6,0.39.0,NVIDIA GeForce RTX 4060 Laptop GPU,float16,DPMSolverMultistepScheduler,P2-geo,85ea0319cf2a6b0219702873d88f21092ac7334553e56c13c7603daec34b4660,322eba37a8cc00f3465f0420c556f351054c86b0fe77297c0e50f65cb6b7b494,R2,af49e3fb28a0582b9b651253dbdcb6b05822015e1936a4042fa6c041409d6c50,centre-crop 512x1536 -> 512x512 then LANCZOS resize to 512x512,0.3333,medium,strength,0.65,19,1337,512,512,30,7.5,0,img2img@512x512@tier0,True,False,pipeline default,10.02,2.827,2675.38,2958.0,4071.5,2169.67,fcfa3183739dfb6d423853ea35ab0fe807d62d9798040373545eccafd88cb038,ok,,,outputs/EXP-008/EXP-008__img2img__C2__R2__medium__s0p65__512x512__seed1337__tier0.png
EXP-008,C2,img2img,2026-08-01T00:25:11+00:00,stable-diffusion-v1-5/stable-diffusion-v1-5,451f4fe16113bff5a5d2269ed5ad43b0592e9a14,,,,2.13.0+cu126,12.6,0.39.0,NVIDIA GeForce RTX 4060 Laptop GPU,float16,DPMSolverMultistepScheduler,P2-geo,85ea0319cf2a6b0219702873d88f21092ac7334553e56c13c7603daec34b4660,322eba37a8cc00f3465f0420c556f351054c86b0fe77297c0e50f65cb6b7b494,R2,af49e3fb28a0582b9b651253dbdcb6b05822015e1936a4042fa6c041409d6c50,centre-crop 512x1536 -> 512x512 then LANCZOS resize to 512x512,0.3333,medium,strength,0.65,19,2026,512,512,30,7.5,0,img2img@512x512@tier0,True,False,pipeline default,10.02,2.576,2675.38,2958.0,4071.5,2169.7,1574f8894e0040f29ea288d9f35b29b2d9af5425d786b3f18ca32a2197c0c87d,ok,,,outputs/EXP-008/EXP-008__img2img__C2__R2__medium__s0p65__512x512__seed2026__tier0.png
EXP-008,C3,img2img,2026-08-01T00:25:13+00:00,stable-diffusion-v1-5/stable-diffusion-v1-5,451f4fe16113bff5a5d2269ed5ad43b0592e9a14,,,,2.13.0+cu126,12.6,0.39.0,NVIDIA GeForce RTX 4060 Laptop GPU,float16,DPMSolverMultistepScheduler,P3-ukiyo,9c8648d75ada09e507fe921445f19ba7a2bce1905c95cf28f8f8be00fa577a96,322eba37a8cc00f3465f0420c556f351054c86b0fe77297c0e50f65cb6b7b494,R3,cfbc213f291a0408e2cc51d051929d3a09abd100fc3c1b451b640ab7da2f83ec,centre-crop 4000x2980 -> 2980x2980 then LANCZOS resize to 512x512,0.745,medium,strength,0.65,19,42,512,512,30,7.5,0,img2img@512x512@tier0,True,False,pipeline default,10.02,2.25,2675.38,2958.0,4071.5,2169.71,ee5ec0ad37e6b51ef59cd4a00641afe4c0d8f2dca3d642263f0b6a5d6d530b7d,ok,,,outputs/EXP-008/EXP-008__img2img__C3__R3__medium__s0p65__512x512__seed42__tier0.png
EXP-008,C3,img2img,2026-08-01T00:25:16+00:00,stable-diffusion-v1-5/stable-diffusion-v1-5,451f4fe16113bff5a5d2269ed5ad43b0592e9a14,,,,2.13.0+cu126,12.6,0.39.0,NVIDIA GeForce RTX 4060 Laptop GPU,float16,DPMSolverMultistepScheduler,P3-ukiyo,9c8648d75ada09e507fe921445f19ba7a2bce1905c95cf28f8f8be00fa577a96,322eba37a8cc00f3465f0420c556f351054c86b0fe77297c0e50f65cb6b7b494,R3,cfbc213f291a0408e2cc51d051929d3a09abd100fc3c1b451b640ab7da2f83ec,centre-crop 4000x2980 -> 2980x2980 then LANCZOS resize to 512x512,0.745,medium,strength,0.65,19,1337,512,512,30,7.5,0,img2img@512x512@tier0,True,False,pipeline default,10.02,2.421,2675.38,2958.0,4071.5,2169.71,bf1050567da45e6db51a64595aaae8988699f0899019d7cc945d7852cae72039,ok,,,outputs/EXP-008/EXP-008__img2img__C3__R3__medium__s0p65__512x512__seed1337__tier0.png
EXP-008,C3,img2img,2026-08-01T00:25:19+00:00,stable-diffusion-v1-5/stable-diffusion-v1-5,451f4fe16113bff5a5d2269ed5ad43b0592e9a14,,,,2.13.0+cu126,12.6,0.39.0,NVIDIA GeForce RTX 4060 Laptop GPU,float16,DPMSolverMultistepScheduler,P3-ukiyo,9c8648d75ada09e507fe921445f19ba7a2bce1905c95cf28f8f8be00fa577a96,322eba37a8cc00f3465f0420c556f351054c86b0fe77297c0e50f65cb6b7b494,R3,cfbc213f291a0408e2cc51d051929d3a09abd100fc3c1b451b640ab7da2f83ec,centre-crop 4000x2980 -> 2980x2980 then LANCZOS resize to 512x512,0.745,medium,strength,0.65,19,2026,512,512,30,7.5,0,img2img@512x512@tier0,True,False,pipeline default,10.02,2.693,2675.38,2958.0,4071.5,2169.72,bb9b5d41aeb79a2e20ab509a368e66961f3796e31a03adfb713bbe3a0cdbd691,ok,,,outputs/EXP-008/EXP-008__img2img__C3__R3__medium__s0p65__512x512__seed2026__tier0.png
EXP-008,C4,img2img,2026-08-01T00:25:21+00:00,stable-diffusion-v1-5/stable-diffusion-v1-5,451f4fe16113bff5a5d2269ed5ad43b0592e9a14,,,,2.13.0+cu126,12.6,0.39.0,NVIDIA GeForce RTX 4060 Laptop GPU,float16,DPMSolverMultistepScheduler,P4-deck,bfd72ef751983f8a267f571a92badb946d8eb238b3cdc44f547d63b5a30bc19c,322eba37a8cc00f3465f0420c556f351054c86b0fe77297c0e50f65cb6b7b494,R4,45475315cf149fc37e17301190d8a87c72640a8e9d466534ea226413a51741d0,centre-crop 512x1536 -> 512x512 then LANCZOS resize to 512x512,0.3333,medium,strength,0.65,19,42,512,512,30,7.5,0,img2img@512x512@tier0,True,False,pipeline default,10.02,2.248,2675.38,2958.0,4071.5,2169.72,d87366593fc111708a56da90c7d84547221e9844eb110390cb95e03396512df9,ok,,,outputs/EXP-008/EXP-008__img2img__C4__R4__medium__s0p65__512x512__seed42__tier0.png
EXP-008,C4,img2img,2026-08-01T00:25:23+00:00,stable-diffusion-v1-5/stable-diffusion-v1-5,451f4fe16113bff5a5d2269ed5ad43b0592e9a14,,,,2.13.0+cu126,12.6,0.39.0,NVIDIA GeForce RTX 4060 Laptop GPU,float16,DPMSolverMultistepScheduler,P4-deck,bfd72ef751983f8a267f571a92badb946d8eb238b3cdc44f547d63b5a30bc19c,322eba37a8cc00f3465f0420c556f351054c86b0fe77297c0e50f65cb6b7b494,R4,45475315cf149fc37e17301190d8a87c72640a8e9d466534ea226413a51741d0,centre-crop 512x1536 -> 512x512 then LANCZOS resize to 512x512,0.3333,medium,strength,0.65,19,1337,512,512,30,7.5,0,img2img@512x512@tier0,True,False,pipeline default,10.02,2.24,2675.38,2958.0,4071.5,2169.72,653929e0e5d99d56b1d272ec691c59e20de77429ac3f4f38471ad87d5e6acaae,ok,,,outputs/EXP-008/EXP-008__img2img__C4__R4__medium__s0p65__512x512__seed1337__tier0.png
EXP-008,C4,img2img,2026-08-01T00:25:26+00:00,stable-diffusion-v1-5/stable-diffusion-v1-5,451f4fe16113bff5a5d2269ed5ad43b0592e9a14,,,,2.13.0+cu126,12.6,0.39.0,NVIDIA GeForce RTX 4060 Laptop GPU,float16,DPMSolverMultistepScheduler,P4-deck,bfd72ef751983f8a267f571a92badb946d8eb238b3cdc44f547d63b5a30bc19c,322eba37a8cc00f3465f0420c556f351054c86b0fe77297c0e50f65cb6b7b494,R4,45475315cf149fc37e17301190d8a87c72640a8e9d466534ea226413a51741d0,centre-crop 512x1536 -> 512x512 then LANCZOS resize to 512x512,0.3333,medium,strength,0.65,19,2026,512,512,30,7.5,0,img2img@512x512@tier0,True,False,pipeline default,10.02,2.237,2675.38,2958.0,4071.5,2169.72,c1b56130bae2dc7060f021a376364392ed96c7da4a1732170842642aaf06187e,ok,,,outputs/EXP-008/EXP-008__img2img__C4__R4__medium__s0p65__512x512__seed2026__tier0.png
EXP-008,C1,img2img,2026-08-01T00:25:27+00:00,stable-diffusion-v1-5/stable-diffusion-v1-5,451f4fe16113bff5a5d2269ed5ad43b0592e9a14,,,,2.13.0+cu126,12.6,0.39.0,NVIDIA GeForce RTX 4060 Laptop GPU,float16,DPMSolverMultistepScheduler,P1-poster,9c67354e368ec9b9f6e28c25781f08ad6c816ef91f74c3b969ea4591b4c24722,322eba37a8cc00f3465f0420c556f351054c86b0fe77297c0e50f65cb6b7b494,R1,515d83fc703f6bec6467aef6ae43b8d8fb7ad283aa65cc9af134dafddec3ef6c,centre-crop 690x1024 -> 690x690 then LANCZOS resize to 512x512,0.6738,strong,strength,0.4,12,42,512,512,30,7.5,0,img2img@512x512@tier0,True,False,pipeline default,10.02,1.523,2675.38,2958.0,4071.5,2169.72,a6bcfa78e0a157193c1c1a065484c763790236257c77637c40b07e7615747df1,ok,,,outputs/EXP-008/EXP-008__img2img__C1__R1__strong__s0p4__512x512__seed42__tier0.png
EXP-008,C1,img2img,2026-08-01T00:25:29+00:00,stable-diffusion-v1-5/stable-diffusion-v1-5,451f4fe16113bff5a5d2269ed5ad43b0592e9a14,,,,2.13.0+cu126,12.6,0.39.0,NVIDIA GeForce RTX 4060 Laptop GPU,float16,DPMSolverMultistepScheduler,P1-poster,9c67354e368ec9b9f6e28c25781f08ad6c816ef91f74c3b969ea4591b4c24722,322eba37a8cc00f3465f0420c556f351054c86b0fe77297c0e50f65cb6b7b494,R1,515d83fc703f6bec6467aef6ae43b8d8fb7ad283aa65cc9af134dafddec3ef6c,centre-crop 690x1024 -> 690x690 then LANCZOS resize to 512x512,0.6738,strong,strength,0.4,12,1337,512,512,30,7.5,0,img2img@512x512@tier0,True,False,pipeline default,10.02,1.531,2675.38,2958.0,4071.5,2169.72,5a15717b3562e39f43c3c2b7e1f7912d308e3f987c76c8b582b36651970548a9,ok,,,outputs/EXP-008/EXP-008__img2img__C1__R1__strong__s0p4__512x512__seed1337__tier0.png
EXP-008,C1,img2img,2026-08-01T00:25:30+00:00,stable-diffusion-v1-5/stable-diffusion-v1-5,451f4fe16113bff5a5d2269ed5ad43b0592e9a14,,,,2.13.0+cu126,12.6,0.39.0,NVIDIA GeForce RTX 4060 Laptop GPU,float16,DPMSolverMultistepScheduler,P1-poster,9c67354e368ec9b9f6e28c25781f08ad6c816ef91f74c3b969ea4591b4c24722,322eba37a8cc00f3465f0420c556f351054c86b0fe77297c0e50f65cb6b7b494,R1,515d83fc703f6bec6467aef6ae43b8d8fb7ad283aa65cc9af134dafddec3ef6c,centre-crop 690x1024 -> 690x690 then LANCZOS resize to 512x512,0.6738,strong,strength,0.4,12,2026,512,512,30,7.5,0,img2img@512x512@tier0,True,False,pipeline default,10.02,1.525,2675.38,2958.0,4071.5,2169.72,5f026b6e0fd297ffa1caa96e80642a5bd9f0a228b3520194cba1078ef01ffdc6,ok,,,outputs/EXP-008/EXP-008__img2img__C1__R1__strong__s0p4__512x512__seed2026__tier0.png
EXP-008,C2,img2img,2026-08-01T00:25:32+00:00,stable-diffusion-v1-5/stable-diffusion-v1-5,451f4fe16113bff5a5d2269ed5ad43b0592e9a14,,,,2.13.0+cu126,12.6,0.39.0,NVIDIA GeForce RTX 4060 Laptop GPU,float16,DPMSolverMultistepScheduler,P2-geo,85ea0319cf2a6b0219702873d88f21092ac7334553e56c13c7603daec34b4660,322eba37a8cc00f3465f0420c556f351054c86b0fe77297c0e50f65cb6b7b494,R2,af49e3fb28a0582b9b651253dbdcb6b05822015e1936a4042fa6c041409d6c50,centre-crop 512x1536 -> 512x512 then LANCZOS resize to 512x512,0.3333,strong,strength,0.4,12,42,512,512,30,7.5,0,img2img@512x512@tier0,True,False,pipeline default,10.02,1.522,2675.38,2958.0,4071.5,2169.72,1da3b80cb26b3cabce8e6083625be6b69ef942d0537f2cf808f820817c16ec35,ok,,,outputs/EXP-008/EXP-008__img2img__C2__R2__strong__s0p4__512x512__seed42__tier0.png
EXP-008,C2,img2img,2026-08-01T00:25:33+00:00,stable-diffusion-v1-5/stable-diffusion-v1-5,451f4fe16113bff5a5d2269ed5ad43b0592e9a14,,,,2.13.0+cu126,12.6,0.39.0,NVIDIA GeForce RTX 4060 Laptop GPU,float16,DPMSolverMultistepScheduler,P2-geo,85ea0319cf2a6b0219702873d88f21092ac7334553e56c13c7603daec34b4660,322eba37a8cc00f3465f0420c556f351054c86b0fe77297c0e50f65cb6b7b494,R2,af49e3fb28a0582b9b651253dbdcb6b05822015e1936a4042fa6c041409d6c50,centre-crop 512x1536 -> 512x512 then LANCZOS resize to 512x512,0.3333,strong,strength,0.4,12,1337,512,512,30,7.5,0,img2img@512x512@tier0,True,False,pipeline default,10.02,1.516,2675.38,2958.0,4071.5,2169.72,7ee47ab0c430edb9fd592df45a0d1afcdb7191c3db9f93e3ec71d0846fbd62c5,ok,,,outputs/EXP-008/EXP-008__img2img__C2__R2__strong__s0p4__512x512__seed1337__tier0.png
EXP-008,C2,img2img,2026-08-01T00:25:35+00:00,stable-diffusion-v1-5/stable-diffusion-v1-5,451f4fe16113bff5a5d2269ed5ad43b0592e9a14,,,,2.13.0+cu126,12.6,0.39.0,NVIDIA GeForce RTX 4060 Laptop GPU,float16,DPMSolverMultistepScheduler,P2-geo,85ea0319cf2a6b0219702873d88f21092ac7334553e56c13c7603daec34b4660,322eba37a8cc00f3465f0420c556f351054c86b0fe77297c0e50f65cb6b7b494,R2,af49e3fb28a0582b9b651253dbdcb6b05822015e1936a4042fa6c041409d6c50,centre-crop 512x1536 -> 512x512 then LANCZOS resize to 512x512,0.3333,strong,strength,0.4,12,2026,512,512,30,7.5,0,img2img@512x512@tier0,True,False,pipeline default,10.02,1.517,2675.38,2958.0,4071.5,2169.73,8b0addc944ff613951f453f009e40f3bca5cbaa1f25f1cb0423ac5f80f1097c6,ok,,,outputs/EXP-008/EXP-008__img2img__C2__R2__strong__s0p4__512x512__seed2026__tier0.png
EXP-008,C3,img2img,2026-08-01T00:25:37+00:00,stable-diffusion-v1-5/stable-diffusion-v1-5,451f4fe16113bff5a5d2269ed5ad43b0592e9a14,,,,2.13.0+cu126,12.6,0.39.0,NVIDIA GeForce RTX 4060 Laptop GPU,float16,DPMSolverMultistepScheduler,P3-ukiyo,9c8648d75ada09e507fe921445f19ba7a2bce1905c95cf28f8f8be00fa577a96,322eba37a8cc00f3465f0420c556f351054c86b0fe77297c0e50f65cb6b7b494,R3,cfbc213f291a0408e2cc51d051929d3a09abd100fc3c1b451b640ab7da2f83ec,centre-crop 4000x2980 -> 2980x2980 then LANCZOS resize to 512x512,0.745,strong,strength,0.4,12,42,512,512,30,7.5,0,img2img@512x512@tier0,True,False,pipeline default,10.02,1.543,2675.38,2958.0,4071.5,2169.72,e46818222a7a5d39c6e446ba313cfacfaa6214b0b62b1869274b30e8c9ce4ad1,ok,,,outputs/EXP-008/EXP-008__img2img__C3__R3__strong__s0p4__512x512__seed42__tier0.png
EXP-008,C3,img2img,2026-08-01T00:25:38+00:00,stable-diffusion-v1-5/stable-diffusion-v1-5,451f4fe16113bff5a5d2269ed5ad43b0592e9a14,,,,2.13.0+cu126,12.6,0.39.0,NVIDIA GeForce RTX 4060 Laptop GPU,float16,DPMSolverMultistepScheduler,P3-ukiyo,9c8648d75ada09e507fe921445f19ba7a2bce1905c95cf28f8f8be00fa577a96,322eba37a8cc00f3465f0420c556f351054c86b0fe77297c0e50f65cb6b7b494,R3,cfbc213f291a0408e2cc51d051929d3a09abd100fc3c1b451b640ab7da2f83ec,centre-crop 4000x2980 -> 2980x2980 then LANCZOS resize to 512x512,0.745,strong,strength,0.4,12,1337,512,512,30,7.5,0,img2img@512x512@tier0,True,False,pipeline default,10.02,1.587,2675.38,2958.0,4071.5,2169.73,0ce25487bd2758f13efddf8e765859cbcc26a90e5cff801c64ca86b160c40df9,ok,,,outputs/EXP-008/EXP-008__img2img__C3__R3__strong__s0p4__512x512__seed1337__tier0.png
EXP-008,C3,img2img,2026-08-01T00:25:40+00:00,stable-diffusion-v1-5/stable-diffusion-v1-5,451f4fe16113bff5a5d2269ed5ad43b0592e9a14,,,,2.13.0+cu126,12.6,0.39.0,NVIDIA GeForce RTX 4060 Laptop GPU,float16,DPMSolverMultistepScheduler,P3-ukiyo,9c8648d75ada09e507fe921445f19ba7a2bce1905c95cf28f8f8be00fa577a96,322eba37a8cc00f3465f0420c556f351054c86b0fe77297c0e50f65cb6b7b494,R3,cfbc213f291a0408e2cc51d051929d3a09abd100fc3c1b451b640ab7da2f83ec,centre-crop 4000x2980 -> 2980x2980 then LANCZOS resize to 512x512,0.745,strong,strength,0.4,12,2026,512,512,30,7.5,0,img2img@512x512@tier0,True,False,pipeline default,10.02,1.51,2675.38,2958.0,4071.5,2169.73,132e8cfebdb6a04fbda4ea766df7925e7569a8ea82121536f8ae13632ecbb036,ok,,,outputs/EXP-008/EXP-008__img2img__C3__R3__strong__s0p4__512x512__seed2026__tier0.png
EXP-008,C4,img2img,2026-08-01T00:25:41+00:00,stable-diffusion-v1-5/stable-diffusion-v1-5,451f4fe16113bff5a5d2269ed5ad43b0592e9a14,,,,2.13.0+cu126,12.6,0.39.0,NVIDIA GeForce RTX 4060 Laptop GPU,float16,DPMSolverMultistepScheduler,P4-deck,bfd72ef751983f8a267f571a92badb946d8eb238b3cdc44f547d63b5a30bc19c,322eba37a8cc00f3465f0420c556f351054c86b0fe77297c0e50f65cb6b7b494,R4,45475315cf149fc37e17301190d8a87c72640a8e9d466534ea226413a51741d0,centre-crop 512x1536 -> 512x512 then LANCZOS resize to 512x512,0.3333,strong,strength,0.4,12,42,512,512,30,7.5,0,img2img@512x512@tier0,True,False,pipeline default,10.02,1.525,2675.38,2958.0,4071.5,2171.14,8c21ea83aeb38368a43b17bff716c6830ecb54cf429315e2cb5d0b551e32b37b,ok,,,outputs/EXP-008/EXP-008__img2img__C4__R4__strong__s0p4__512x512__seed42__tier0.png
EXP-008,C4,img2img,2026-08-01T00:25:43+00:00,stable-diffusion-v1-5/stable-diffusion-v1-5,451f4fe16113bff5a5d2269ed5ad43b0592e9a14,,,,2.13.0+cu126,12.6,0.39.0,NVIDIA GeForce RTX 4060 Laptop GPU,float16,DPMSolverMultistepScheduler,P4-deck,bfd72ef751983f8a267f571a92badb946d8eb238b3cdc44f547d63b5a30bc19c,322eba37a8cc00f3465f0420c556f351054c86b0fe77297c0e50f65cb6b7b494,R4,45475315cf149fc37e17301190d8a87c72640a8e9d466534ea226413a51741d0,centre-crop 512x1536 -> 512x512 then LANCZOS resize to 512x512,0.3333,strong,strength,0.4,12,1337,512,512,30,7.5,0,img2img@512x512@tier0,True,False,pipeline default,10.02,1.525,2675.38,2958.0,4071.5,2169.73,d095bef2f39b25a2488de187bea759cde76ed9d986968f42b31c2d928f216a5b,ok,,,outputs/EXP-008/EXP-008__img2img__C4__R4__strong__s0p4__512x512__seed1337__tier0.png
EXP-008,C4,img2img,2026-08-01T00:25:45+00:00,stable-diffusion-v1-5/stable-diffusion-v1-5,451f4fe16113bff5a5d2269ed5ad43b0592e9a14,,,,2.13.0+cu126,12.6,0.39.0,NVIDIA GeForce RTX 4060 Laptop GPU,float16,DPMSolverMultistepScheduler,P4-deck,bfd72ef751983f8a267f571a92badb946d8eb238b3cdc44f547d63b5a30bc19c,322eba37a8cc00f3465f0420c556f351054c86b0fe77297c0e50f65cb6b7b494,R4,45475315cf149fc37e17301190d8a87c72640a8e9d466534ea226413a51741d0,centre-crop 512x1536 -> 512x512 then LANCZOS resize to 512x512,0.3333,strong,strength,0.4,12,2026,512,512,30,7.5,0,img2img@512x512@tier0,True,False,pipeline default,10.02,1.516,2675.38,2958.0,4071.5,1804.4,808685aef8e7c0f3f48f5c9cb7b71864ac8f74ec5ff5fbd505b3412abd5fcb1b,ok,,,outputs/EXP-008/EXP-008__img2img__C4__R4__strong__s0p4__512x512__seed2026__tier0.png
EXP-008b,C1,img2img,2026-08-01T00:26:45+00:00,stable-diffusion-v1-5/stable-diffusion-v1-5,451f4fe16113bff5a5d2269ed5ad43b0592e9a14,,,,2.13.0+cu126,12.6,0.39.0,NVIDIA GeForce RTX 4060 Laptop GPU,float16,DPMSolverMultistepScheduler,P1-poster,9c67354e368ec9b9f6e28c25781f08ad6c816ef91f74c3b969ea4591b4c24722,322eba37a8cc00f3465f0420c556f351054c86b0fe77297c0e50f65cb6b7b494,R1,515d83fc703f6bec6467aef6ae43b8d8fb7ad283aa65cc9af134dafddec3ef6c,centre-crop 690x1024 -> 690x690 then LANCZOS resize to 512x512,0.6738,medium,strength,0.65,19,42,512,512,30,7.5,0,img2img@512x512@tier0,True,False,pipeline default,14.372,2.346,2675.38,2958.0,4071.5,2712.38,3d78ff942da4202aa8a27a00e2e53b34dabdd7a444eba1f63fc1e52b280c137b,ok,,,outputs/EXP-008b/EXP-008b__img2img__C1__R1__medium__s0p65__512x512__seed42__tier0.png
EXP-008b,C1,img2img,2026-08-01T00:27:12+00:00,stable-diffusion-v1-5/stable-diffusion-v1-5,451f4fe16113bff5a5d2269ed5ad43b0592e9a14,,,,2.13.0+cu126,12.6,0.39.0,NVIDIA GeForce RTX 4060 Laptop GPU,float16,DPMSolverMultistepScheduler,P1-poster,9c67354e368ec9b9f6e28c25781f08ad6c816ef91f74c3b969ea4591b4c24722,322eba37a8cc00f3465f0420c556f351054c86b0fe77297c0e50f65cb6b7b494,R1,515d83fc703f6bec6467aef6ae43b8d8fb7ad283aa65cc9af134dafddec3ef6c,centre-crop 690x1024 -> 690x690 then LANCZOS resize to 512x512,0.6738,strong,strength,0.4,12,42,512,512,30,7.5,0,img2img@512x512@tier0,True,False,pipeline default,13.336,1.606,2675.38,2958.0,4071.5,2452.64,a6bcfa78e0a157193c1c1a065484c763790236257c77637c40b07e7615747df1,ok,,,outputs/EXP-008b/EXP-008b__img2img__C1__R1__strong__s0p4__512x512__seed42__tier0.png
EXP-008b,C1,img2img,2026-08-01T00:26:16+00:00,stable-diffusion-v1-5/stable-diffusion-v1-5,451f4fe16113bff5a5d2269ed5ad43b0592e9a14,,,,2.13.0+cu126,12.6,0.39.0,NVIDIA GeForce RTX 4060 Laptop GPU,float16,DPMSolverMultistepScheduler,P1-poster,9c67354e368ec9b9f6e28c25781f08ad6c816ef91f74c3b969ea4591b4c24722,322eba37a8cc00f3465f0420c556f351054c86b0fe77297c0e50f65cb6b7b494,R1,515d83fc703f6bec6467aef6ae43b8d8fb7ad283aa65cc9af134dafddec3ef6c,centre-crop 690x1024 -> 690x690 then LANCZOS resize to 512x512,0.6738,weak,strength,0.85,25,42,512,512,30,7.5,0,img2img@512x512@tier0,True,False,pipeline default,14.029,3.0,2675.38,2958.0,4071.5,2147.47,5a4ba2d1dbf8efd6f663db41b09d3031912b6a55d24f8e3ab1037932085b3cfc,ok,,,outputs/EXP-008b/EXP-008b__img2img__C1__R1__weak__s0p85__512x512__seed42__tier0.png
EXP-009,C1,ip-adapter,2026-08-01T00:41:24+00:00,stable-diffusion-v1-5/stable-diffusion-v1-5,451f4fe16113bff5a5d2269ed5ad43b0592e9a14,h94/IP-Adapter,018e402774aeeddd60609b4ecdb7e298259dc729,018e402774aeeddd60609b4ecdb7e298259dc729,2.13.0+cu126,12.6,0.39.0,NVIDIA GeForce RTX 4060 Laptop GPU,float16,DPMSolverMultistepScheduler,P1-poster,9c67354e368ec9b9f6e28c25781f08ad6c816ef91f74c3b969ea4591b4c24722,322eba37a8cc00f3465f0420c556f351054c86b0fe77297c0e50f65cb6b7b494,R1,515d83fc703f6bec6467aef6ae43b8d8fb7ad283aa65cc9af134dafddec3ef6c,native size 690x1024; CLIP processor resize + centre-crop 224,1.0,weak,scale,0.2,30,42,512,512,30,7.5,0,ip-adapter@512x512@tier0,True,False,pipeline default,21.703,3.473,3924.07,4582.0,5695.5,2378.93,5bcdcad62ab886711c2b104b295e7db2d565cfeb902394d46b66ac95811f3015,ok,,,outputs/EXP-009/EXP-009__ip-adapter__C1__R1__weak__s0p2__512x512__seed42__tier0.png
EXP-009,C1,ip-adapter,2026-08-01T00:41:27+00:00,stable-diffusion-v1-5/stable-diffusion-v1-5,451f4fe16113bff5a5d2269ed5ad43b0592e9a14,h94/IP-Adapter,018e402774aeeddd60609b4ecdb7e298259dc729,018e402774aeeddd60609b4ecdb7e298259dc729,2.13.0+cu126,12.6,0.39.0,NVIDIA GeForce RTX 4060 Laptop GPU,float16,DPMSolverMultistepScheduler,P1-poster,9c67354e368ec9b9f6e28c25781f08ad6c816ef91f74c3b969ea4591b4c24722,322eba37a8cc00f3465f0420c556f351054c86b0fe77297c0e50f65cb6b7b494,R1,515d83fc703f6bec6467aef6ae43b8d8fb7ad283aa65cc9af134dafddec3ef6c,native size 690x1024; CLIP processor resize + centre-crop 224,1.0,weak,scale,0.2,30,1337,512,512,30,7.5,0,ip-adapter@512x512@tier0,True,False,pipeline default,21.703,3.357,3924.07,4582.0,5695.5,2258.9,a6c684904c0700ad30e0d313442d7aebe9d5ceffc6ba08ee3adaf2179d1ba2c2,ok,,,outputs/EXP-009/EXP-009__ip-adapter__C1__R1__weak__s0p2__512x512__seed1337__tier0.png
EXP-009,C1,ip-adapter,2026-08-01T00:41:31+00:00,stable-diffusion-v1-5/stable-diffusion-v1-5,451f4fe16113bff5a5d2269ed5ad43b0592e9a14,h94/IP-Adapter,018e402774aeeddd60609b4ecdb7e298259dc729,018e402774aeeddd60609b4ecdb7e298259dc729,2.13.0+cu126,12.6,0.39.0,NVIDIA GeForce RTX 4060 Laptop GPU,float16,DPMSolverMultistepScheduler,P1-poster,9c67354e368ec9b9f6e28c25781f08ad6c816ef91f74c3b969ea4591b4c24722,322eba37a8cc00f3465f0420c556f351054c86b0fe77297c0e50f65cb6b7b494,R1,515d83fc703f6bec6467aef6ae43b8d8fb7ad283aa65cc9af134dafddec3ef6c,native size 690x1024; CLIP processor resize + centre-crop 224,1.0,weak,scale,0.2,30,2026,512,512,30,7.5,0,ip-adapter@512x512@tier0,True,False,pipeline default,21.703,3.424,3924.07,4582.0,5695.5,2259.09,07c1358360a49132f3504163c6ec2fc607e6a48a589c83a709905a0b0b932dcc,ok,,,outputs/EXP-009/EXP-009__ip-adapter__C1__R1__weak__s0p2__512x512__seed2026__tier0.png
EXP-009,C2,ip-adapter,2026-08-01T00:41:34+00:00,stable-diffusion-v1-5/stable-diffusion-v1-5,451f4fe16113bff5a5d2269ed5ad43b0592e9a14,h94/IP-Adapter,018e402774aeeddd60609b4ecdb7e298259dc729,018e402774aeeddd60609b4ecdb7e298259dc729,2.13.0+cu126,12.6,0.39.0,NVIDIA GeForce RTX 4060 Laptop GPU,float16,DPMSolverMultistepScheduler,P2-geo,85ea0319cf2a6b0219702873d88f21092ac7334553e56c13c7603daec34b4660,322eba37a8cc00f3465f0420c556f351054c86b0fe77297c0e50f65cb6b7b494,R2,af49e3fb28a0582b9b651253dbdcb6b05822015e1936a4042fa6c041409d6c50,long side bounded 512x1536 -> 341x1024 (LANCZOS); CLIP processor resize + centre-crop 224,1.0,weak,scale,0.2,30,42,512,512,30,7.5,0,ip-adapter@512x512@tier0,True,False,pipeline default,21.703,3.442,3924.07,4582.0,5695.5,2263.14,88435cb4a2c80364e4ec6b2f4b1ee61261f2edf09d65394f962d59dfeb3aafa8,ok,,,outputs/EXP-009/EXP-009__ip-adapter__C2__R2__weak__s0p2__512x512__seed42__tier0.png
EXP-009,C2,ip-adapter,2026-08-01T00:41:38+00:00,stable-diffusion-v1-5/stable-diffusion-v1-5,451f4fe16113bff5a5d2269ed5ad43b0592e9a14,h94/IP-Adapter,018e402774aeeddd60609b4ecdb7e298259dc729,018e402774aeeddd60609b4ecdb7e298259dc729,2.13.0+cu126,12.6,0.39.0,NVIDIA GeForce RTX 4060 Laptop GPU,float16,DPMSolverMultistepScheduler,P2-geo,85ea0319cf2a6b0219702873d88f21092ac7334553e56c13c7603daec34b4660,322eba37a8cc00f3465f0420c556f351054c86b0fe77297c0e50f65cb6b7b494,R2,af49e3fb28a0582b9b651253dbdcb6b05822015e1936a4042fa6c041409d6c50,long side bounded 512x1536 -> 341x1024 (LANCZOS); CLIP processor resize + centre-crop 224,1.0,weak,scale,0.2,30,1337,512,512,30,7.5,0,ip-adapter@512x512@tier0,True,False,pipeline default,21.703,3.426,3924.07,4582.0,5695.5,2263.29,1b9d406fb7acba01da1ed2dd936d79322d41c6200aee90094d78ce18e5e9de95,ok,,,outputs/EXP-009/EXP-009__ip-adapter__C2__R2__weak__s0p2__512x512__seed1337__tier0.png
EXP-009,C2,ip-adapter,2026-08-01T00:41:41+00:00,stable-diffusion-v1-5/stable-diffusion-v1-5,451f4fe16113bff5a5d2269ed5ad43b0592e9a14,h94/IP-Adapter,018e402774aeeddd60609b4ecdb7e298259dc729,018e402774aeeddd60609b4ecdb7e298259dc729,2.13.0+cu126,12.6,0.39.0,NVIDIA GeForce RTX 4060 Laptop GPU,float16,DPMSolverMultistepScheduler,P2-geo,85ea0319cf2a6b0219702873d88f21092ac7334553e56c13c7603daec34b4660,322eba37a8cc00f3465f0420c556f351054c86b0fe77297c0e50f65cb6b7b494,R2,af49e3fb28a0582b9b651253dbdcb6b05822015e1936a4042fa6c041409d6c50,long side bounded 512x1536 -> 341x1024 (LANCZOS); CLIP processor resize + centre-crop 224,1.0,weak,scale,0.2,30,2026,512,512,30,7.5,0,ip-adapter@512x512@tier0,True,False,pipeline default,21.703,3.369,3924.07,4582.0,5695.5,2263.36,9abe2f990378b19f6172f44dd6724fd05b322d273a58444fdba7d51c649ab7a4,ok,,,outputs/EXP-009/EXP-009__ip-adapter__C2__R2__weak__s0p2__512x512__seed2026__tier0.png
EXP-009,C3,ip-adapter,2026-08-01T00:41:45+00:00,stable-diffusion-v1-5/stable-diffusion-v1-5,451f4fe16113bff5a5d2269ed5ad43b0592e9a14,h94/IP-Adapter,018e402774aeeddd60609b4ecdb7e298259dc729,018e402774aeeddd60609b4ecdb7e298259dc729,2.13.0+cu126,12.6,0.39.0,NVIDIA GeForce RTX 4060 Laptop GPU,float16,DPMSolverMultistepScheduler,P3-ukiyo,9c8648d75ada09e507fe921445f19ba7a2bce1905c95cf28f8f8be00fa577a96,322eba37a8cc00f3465f0420c556f351054c86b0fe77297c0e50f65cb6b7b494,R3,cfbc213f291a0408e2cc51d051929d3a09abd100fc3c1b451b640ab7da2f83ec,long side bounded 4000x2980 -> 1024x763 (LANCZOS); CLIP processor resize + centre-crop 224,1.0,weak,scale,0.2,30,42,512,512,30,7.5,0,ip-adapter@512x512@tier0,True,False,pipeline default,21.703,3.364,3924.07,4582.0,5695.5,2263.89,0685c2bf11c3f1ecc93942164e434ed44e7959229a4525364aedabf8231e45e0,ok,,,outputs/EXP-009/EXP-009__ip-adapter__C3__R3__weak__s0p2__512x512__seed42__tier0.png
EXP-009,C3,ip-adapter,2026-08-01T00:41:48+00:00,stable-diffusion-v1-5/stable-diffusion-v1-5,451f4fe16113bff5a5d2269ed5ad43b0592e9a14,h94/IP-Adapter,018e402774aeeddd60609b4ecdb7e298259dc729,018e402774aeeddd60609b4ecdb7e298259dc729,2.13.0+cu126,12.6,0.39.0,NVIDIA GeForce RTX 4060 Laptop GPU,float16,DPMSolverMultistepScheduler,P3-ukiyo,9c8648d75ada09e507fe921445f19ba7a2bce1905c95cf28f8f8be00fa577a96,322eba37a8cc00f3465f0420c556f351054c86b0fe77297c0e50f65cb6b7b494,R3,cfbc213f291a0408e2cc51d051929d3a09abd100fc3c1b451b640ab7da2f83ec,long side bounded 4000x2980 -> 1024x763 (LANCZOS); CLIP processor resize + centre-crop 224,1.0,weak,scale,0.2,30,1337,512,512,30,7.5,0,ip-adapter@512x512@tier0,True,False,pipeline default,21.703,3.4,3924.07,4582.0,5695.5,2263.96,f022076eca77b12a368888184112a8b57fadc700a63dba51b4c02f700ed59677,ok,,,outputs/EXP-009/EXP-009__ip-adapter__C3__R3__weak__s0p2__512x512__seed1337__tier0.png
EXP-009,C3,ip-adapter,2026-08-01T00:41:51+00:00,stable-diffusion-v1-5/stable-diffusion-v1-5,451f4fe16113bff5a5d2269ed5ad43b0592e9a14,h94/IP-Adapter,018e402774aeeddd60609b4ecdb7e298259dc729,018e402774aeeddd60609b4ecdb7e298259dc729,2.13.0+cu126,12.6,0.39.0,NVIDIA GeForce RTX 4060 Laptop GPU,float16,DPMSolverMultistepScheduler,P3-ukiyo,9c8648d75ada09e507fe921445f19ba7a2bce1905c95cf28f8f8be00fa577a96,322eba37a8cc00f3465f0420c556f351054c86b0fe77297c0e50f65cb6b7b494,R3,cfbc213f291a0408e2cc51d051929d3a09abd100fc3c1b451b640ab7da2f83ec,long side bounded 4000x2980 -> 1024x763 (LANCZOS); CLIP processor resize + centre-crop 224,1.0,weak,scale,0.2,30,2026,512,512,30,7.5,0,ip-adapter@512x512@tier0,True,False,pipeline default,21.703,3.379,3924.07,4582.0,5695.5,2264.13,72103f5776ace1d04ed8dbb982e7b60f4ac5bbf90c454ccaecbd1a272f64a91d,ok,,,outputs/EXP-009/EXP-009__ip-adapter__C3__R3__weak__s0p2__512x512__seed2026__tier0.png
EXP-009,C4,ip-adapter,2026-08-01T00:41:55+00:00,stable-diffusion-v1-5/stable-diffusion-v1-5,451f4fe16113bff5a5d2269ed5ad43b0592e9a14,h94/IP-Adapter,018e402774aeeddd60609b4ecdb7e298259dc729,018e402774aeeddd60609b4ecdb7e298259dc729,2.13.0+cu126,12.6,0.39.0,NVIDIA GeForce RTX 4060 Laptop GPU,float16,DPMSolverMultistepScheduler,P4-deck,bfd72ef751983f8a267f571a92badb946d8eb238b3cdc44f547d63b5a30bc19c,322eba37a8cc00f3465f0420c556f351054c86b0fe77297c0e50f65cb6b7b494,R4,45475315cf149fc37e17301190d8a87c72640a8e9d466534ea226413a51741d0,long side bounded 512x1536 -> 341x1024 (LANCZOS); CLIP processor resize + centre-crop 224,1.0,weak,scale,0.2,30,42,512,512,30,7.5,0,ip-adapter@512x512@tier0,True,False,pipeline default,21.703,3.393,3924.07,4582.0,5695.5,2264.2,940a040f92c8e18d5b4cc9ccfe86df4570e8236d4f400325677c3b19f275b271,ok,,,outputs/EXP-009/EXP-009__ip-adapter__C4__R4__weak__s0p2__512x512__seed42__tier0.png
EXP-009,C4,ip-adapter,2026-08-01T00:41:58+00:00,stable-diffusion-v1-5/stable-diffusion-v1-5,451f4fe16113bff5a5d2269ed5ad43b0592e9a14,h94/IP-Adapter,018e402774aeeddd60609b4ecdb7e298259dc729,018e402774aeeddd60609b4ecdb7e298259dc729,2.13.0+cu126,12.6,0.39.0,NVIDIA GeForce RTX 4060 Laptop GPU,float16,DPMSolverMultistepScheduler,P4-deck,bfd72ef751983f8a267f571a92badb946d8eb238b3cdc44f547d63b5a30bc19c,322eba37a8cc00f3465f0420c556f351054c86b0fe77297c0e50f65cb6b7b494,R4,45475315cf149fc37e17301190d8a87c72640a8e9d466534ea226413a51741d0,long side bounded 512x1536 -> 341x1024 (LANCZOS); CLIP processor resize + centre-crop 224,1.0,weak,scale,0.2,30,1337,512,512,30,7.5,0,ip-adapter@512x512@tier0,True,False,pipeline default,21.703,3.389,3924.07,4582.0,5695.5,2262.9,871d08273d441e07f784f8fe6eb1c1b4f8cda19dad746d9f88a95301d0c8bd39,ok,,,outputs/EXP-009/EXP-009__ip-adapter__C4__R4__weak__s0p2__512x512__seed1337__tier0.png
EXP-009,C4,ip-adapter,2026-08-01T00:42:02+00:00,stable-diffusion-v1-5/stable-diffusion-v1-5,451f4fe16113bff5a5d2269ed5ad43b0592e9a14,h94/IP-Adapter,018e402774aeeddd60609b4ecdb7e298259dc729,018e402774aeeddd60609b4ecdb7e298259dc729,2.13.0+cu126,12.6,0.39.0,NVIDIA GeForce RTX 4060 Laptop GPU,float16,DPMSolverMultistepScheduler,P4-deck,bfd72ef751983f8a267f571a92badb946d8eb238b3cdc44f547d63b5a30bc19c,322eba37a8cc00f3465f0420c556f351054c86b0fe77297c0e50f65cb6b7b494,R4,45475315cf149fc37e17301190d8a87c72640a8e9d466534ea226413a51741d0,long side bounded 512x1536 -> 341x1024 (LANCZOS); CLIP processor resize + centre-crop 224,1.0,weak,scale,0.2,30,2026,512,512,30,7.5,0,ip-adapter@512x512@tier0,True,False,pipeline default,21.703,3.372,3924.07,4582.0,5695.5,2262.93,5f8f60aa934824e5077916243c51fcb44ff2aba0e8aa0614821cbdd922b79658,ok,,,outputs/EXP-009/EXP-009__ip-adapter__C4__R4__weak__s0p2__512x512__seed2026__tier0.png
EXP-009,C1,ip-adapter,2026-08-01T00:42:05+00:00,stable-diffusion-v1-5/stable-diffusion-v1-5,451f4fe16113bff5a5d2269ed5ad43b0592e9a14,h94/IP-Adapter,018e402774aeeddd60609b4ecdb7e298259dc729,018e402774aeeddd60609b4ecdb7e298259dc729,2.13.0+cu126,12.6,0.39.0,NVIDIA GeForce RTX 4060 Laptop GPU,float16,DPMSolverMultistepScheduler,P1-poster,9c67354e368ec9b9f6e28c25781f08ad6c816ef91f74c3b969ea4591b4c24722,322eba37a8cc00f3465f0420c556f351054c86b0fe77297c0e50f65cb6b7b494,R1,515d83fc703f6bec6467aef6ae43b8d8fb7ad283aa65cc9af134dafddec3ef6c,native size 690x1024; CLIP processor resize + centre-crop 224,1.0,weak,scale,0.4,30,42,512,512,30,7.5,0,ip-adapter@512x512@tier0,True,False,pipeline default,21.703,3.386,3924.07,4582.0,5695.5,2264.18,176954a99757a7fcaa9fe34387a3fea5ae3fe9a50868c0748edd559bb01ceabb,ok,,,outputs/EXP-009/EXP-009__ip-adapter__C1__R1__weak__s0p4__512x512__seed42__tier0.png
EXP-009,C1,ip-adapter,2026-08-01T00:42:09+00:00,stable-diffusion-v1-5/stable-diffusion-v1-5,451f4fe16113bff5a5d2269ed5ad43b0592e9a14,h94/IP-Adapter,018e402774aeeddd60609b4ecdb7e298259dc729,018e402774aeeddd60609b4ecdb7e298259dc729,2.13.0+cu126,12.6,0.39.0,NVIDIA GeForce RTX 4060 Laptop GPU,float16,DPMSolverMultistepScheduler,P1-poster,9c67354e368ec9b9f6e28c25781f08ad6c816ef91f74c3b969ea4591b4c24722,322eba37a8cc00f3465f0420c556f351054c86b0fe77297c0e50f65cb6b7b494,R1,515d83fc703f6bec6467aef6ae43b8d8fb7ad283aa65cc9af134dafddec3ef6c,native size 690x1024; CLIP processor resize + centre-crop 224,1.0,weak,scale,0.4,30,1337,512,512,30,7.5,0,ip-adapter@512x512@tier0,True,False,pipeline default,21.703,3.408,3924.07,4582.0,5695.5,2264.21,831523b796b6904297db0d47a15e985daa2beb9062c26d111188962044b023cf,ok,,,outputs/EXP-009/EXP-009__ip-adapter__C1__R1__weak__s0p4__512x512__seed1337__tier0.png
EXP-009,C1,ip-adapter,2026-08-01T00:42:12+00:00,stable-diffusion-v1-5/stable-diffusion-v1-5,451f4fe16113bff5a5d2269ed5ad43b0592e9a14,h94/IP-Adapter,018e402774aeeddd60609b4ecdb7e298259dc729,018e402774aeeddd60609b4ecdb7e298259dc729,2.13.0+cu126,12.6,0.39.0,NVIDIA GeForce RTX 4060 Laptop GPU,float16,DPMSolverMultistepScheduler,P1-poster,9c67354e368ec9b9f6e28c25781f08ad6c816ef91f74c3b969ea4591b4c24722,322eba37a8cc00f3465f0420c556f351054c86b0fe77297c0e50f65cb6b7b494,R1,515d83fc703f6bec6467aef6ae43b8d8fb7ad283aa65cc9af134dafddec3ef6c,native size 690x1024; CLIP processor resize + centre-crop 224,1.0,weak,scale,0.4,30,2026,512,512,30,7.5,0,ip-adapter@512x512@tier0,True,False,pipeline default,21.703,3.467,3924.07,4582.0,5695.5,2264.24,c494a94510b95c4557b58a27c0e9c267cd167dc1e1cbb4243d5596cf01d1c650,ok,,,outputs/EXP-009/EXP-009__ip-adapter__C1__R1__weak__s0p4__512x512__seed2026__tier0.png
EXP-009,C2,ip-adapter,2026-08-01T00:42:16+00:00,stable-diffusion-v1-5/stable-diffusion-v1-5,451f4fe16113bff5a5d2269ed5ad43b0592e9a14,h94/IP-Adapter,018e402774aeeddd60609b4ecdb7e298259dc729,018e402774aeeddd60609b4ecdb7e298259dc729,2.13.0+cu126,12.6,0.39.0,NVIDIA GeForce RTX 4060 Laptop GPU,float16,DPMSolverMultistepScheduler,P2-geo,85ea0319cf2a6b0219702873d88f21092ac7334553e56c13c7603daec34b4660,322eba37a8cc00f3465f0420c556f351054c86b0fe77297c0e50f65cb6b7b494,R2,af49e3fb28a0582b9b651253dbdcb6b05822015e1936a4042fa6c041409d6c50,long side bounded 512x1536 -> 341x1024 (LANCZOS); CLIP processor resize + centre-crop 224,1.0,weak,scale,0.4,30,42,512,512,30,7.5,0,ip-adapter@512x512@tier0,True,False,pipeline default,21.703,3.469,3924.07,4582.0,5695.5,2264.34,05c0837e2cad34bf554eb87d0f67ebfbe1a7b2a304e60a3b1907cfe3d3909076,ok,,,outputs/EXP-009/EXP-009__ip-adapter__C2__R2__weak__s0p4__512x512__seed42__tier0.png
EXP-009,C2,ip-adapter,2026-08-01T00:42:19+00:00,stable-diffusion-v1-5/stable-diffusion-v1-5,451f4fe16113bff5a5d2269ed5ad43b0592e9a14,h94/IP-Adapter,018e402774aeeddd60609b4ecdb7e298259dc729,018e402774aeeddd60609b4ecdb7e298259dc729,2.13.0+cu126,12.6,0.39.0,NVIDIA GeForce RTX 4060 Laptop GPU,float16,DPMSolverMultistepScheduler,P2-geo,85ea0319cf2a6b0219702873d88f21092ac7334553e56c13c7603daec34b4660,322eba37a8cc00f3465f0420c556f351054c86b0fe77297c0e50f65cb6b7b494,R2,af49e3fb28a0582b9b651253dbdcb6b05822015e1936a4042fa6c041409d6c50,long side bounded 512x1536 -> 341x1024 (LANCZOS); CLIP processor resize + centre-crop 224,1.0,weak,scale,0.4,30,1337,512,512,30,7.5,0,ip-adapter@512x512@tier0,True,False,pipeline default,21.703,3.49,3924.07,4582.0,5695.5,2213.7,5800a5fedb5b8547d010d1e0812f913f7555cf2cb6fb4a8854fafc91ddb19dc2,ok,,,outputs/EXP-009/EXP-009__ip-adapter__C2__R2__weak__s0p4__512x512__seed1337__tier0.png
EXP-009,C2,ip-adapter,2026-08-01T00:42:23+00:00,stable-diffusion-v1-5/stable-diffusion-v1-5,451f4fe16113bff5a5d2269ed5ad43b0592e9a14,h94/IP-Adapter,018e402774aeeddd60609b4ecdb7e298259dc729,018e402774aeeddd60609b4ecdb7e298259dc729,2.13.0+cu126,12.6,0.39.0,NVIDIA GeForce RTX 4060 Laptop GPU,float16,DPMSolverMultistepScheduler,P2-geo,85ea0319cf2a6b0219702873d88f21092ac7334553e56c13c7603daec34b4660,322eba37a8cc00f3465f0420c556f351054c86b0fe77297c0e50f65cb6b7b494,R2,af49e3fb28a0582b9b651253dbdcb6b05822015e1936a4042fa6c041409d6c50,long side bounded 512x1536 -> 341x1024 (LANCZOS); CLIP processor resize + centre-crop 224,1.0,weak,scale,0.4,30,2026,512,512,30,7.5,0,ip-adapter@512x512@tier0,True,False,pipeline default,21.703,3.492,3924.07,4582.0,5695.5,2213.73,397badab10e213dc56f0f60d4614f3c944b33e4dd21d4431f3b2835ad8da1281,ok,,,outputs/EXP-009/EXP-009__ip-adapter__C2__R2__weak__s0p4__512x512__seed2026__tier0.png
EXP-009,C3,ip-adapter,2026-08-01T00:42:26+00:00,stable-diffusion-v1-5/stable-diffusion-v1-5,451f4fe16113bff5a5d2269ed5ad43b0592e9a14,h94/IP-Adapter,018e402774aeeddd60609b4ecdb7e298259dc729,018e402774aeeddd60609b4ecdb7e298259dc729,2.13.0+cu126,12.6,0.39.0,NVIDIA GeForce RTX 4060 Laptop GPU,float16,DPMSolverMultistepScheduler,P3-ukiyo,9c8648d75ada09e507fe921445f19ba7a2bce1905c95cf28f8f8be00fa577a96,322eba37a8cc00f3465f0420c556f351054c86b0fe77297c0e50f65cb6b7b494,R3,cfbc213f291a0408e2cc51d051929d3a09abd100fc3c1b451b640ab7da2f83ec,long side bounded 4000x2980 -> 1024x763 (LANCZOS); CLIP processor resize + centre-crop 224,1.0,weak,scale,0.4,30,42,512,512,30,7.5,0,ip-adapter@512x512@tier0,True,False,pipeline default,21.703,3.476,3924.07,4582.0,5695.5,2214.0,33b453b9ced1899250dcc836ecf9988db8ac483eb523f8b02e9a280d68106724,ok,,,outputs/EXP-009/EXP-009__ip-adapter__C3__R3__weak__s0p4__512x512__seed42__tier0.png
EXP-009,C3,ip-adapter,2026-08-01T00:42:30+00:00,stable-diffusion-v1-5/stable-diffusion-v1-5,451f4fe16113bff5a5d2269ed5ad43b0592e9a14,h94/IP-Adapter,018e402774aeeddd60609b4ecdb7e298259dc729,018e402774aeeddd60609b4ecdb7e298259dc729,2.13.0+cu126,12.6,0.39.0,NVIDIA GeForce RTX 4060 Laptop GPU,float16,DPMSolverMultistepScheduler,P3-ukiyo,9c8648d75ada09e507fe921445f19ba7a2bce1905c95cf28f8f8be00fa577a96,322eba37a8cc00f3465f0420c556f351054c86b0fe77297c0e50f65cb6b7b494,R3,cfbc213f291a0408e2cc51d051929d3a09abd100fc3c1b451b640ab7da2f83ec,long side bounded 4000x2980 -> 1024x763 (LANCZOS); CLIP processor resize + centre-crop 224,1.0,weak,scale,0.4,30,1337,512,512,30,7.5,0,ip-adapter@512x512@tier0,True,False,pipeline default,21.703,3.452,3924.07,4582.0,5695.5,2214.05,6cc01127a4756cc9f1e812f84ac9f826043b56449379ebad2e32619818ef5925,ok,,,outputs/EXP-009/EXP-009__ip-adapter__C3__R3__weak__s0p4__512x512__seed1337__tier0.png
EXP-009,C3,ip-adapter,2026-08-01T00:42:34+00:00,stable-diffusion-v1-5/stable-diffusion-v1-5,451f4fe16113bff5a5d2269ed5ad43b0592e9a14,h94/IP-Adapter,018e402774aeeddd60609b4ecdb7e298259dc729,018e402774aeeddd60609b4ecdb7e298259dc729,2.13.0+cu126,12.6,0.39.0,NVIDIA GeForce RTX 4060 Laptop GPU,float16,DPMSolverMultistepScheduler,P3-ukiyo,9c8648d75ada09e507fe921445f19ba7a2bce1905c95cf28f8f8be00fa577a96,322eba37a8cc00f3465f0420c556f351054c86b0fe77297c0e50f65cb6b7b494,R3,cfbc213f291a0408e2cc51d051929d3a09abd100fc3c1b451b640ab7da2f83ec,long side bounded 4000x2980 -> 1024x763 (LANCZOS); CLIP processor resize + centre-crop 224,1.0,weak,scale,0.4,30,2026,512,512,30,7.5,0,ip-adapter@512x512@tier0,True,False,pipeline default,21.703,3.521,3924.07,4582.0,5695.5,2214.07,178ad21111fe78c8c0d87ccd244647392a6527f8e65dfc81c272d4ef57d0aa1c,ok,,,outputs/EXP-009/EXP-009__ip-adapter__C3__R3__weak__s0p4__512x512__seed2026__tier0.png
EXP-009,C4,ip-adapter,2026-08-01T00:42:37+00:00,stable-diffusion-v1-5/stable-diffusion-v1-5,451f4fe16113bff5a5d2269ed5ad43b0592e9a14,h94/IP-Adapter,018e402774aeeddd60609b4ecdb7e298259dc729,018e402774aeeddd60609b4ecdb7e298259dc729,2.13.0+cu126,12.6,0.39.0,NVIDIA GeForce RTX 4060 Laptop GPU,float16,DPMSolverMultistepScheduler,P4-deck,bfd72ef751983f8a267f571a92badb946d8eb238b3cdc44f547d63b5a30bc19c,322eba37a8cc00f3465f0420c556f351054c86b0fe77297c0e50f65cb6b7b494,R4,45475315cf149fc37e17301190d8a87c72640a8e9d466534ea226413a51741d0,long side bounded 512x1536 -> 341x1024 (LANCZOS); CLIP processor resize + centre-crop 224,1.0,weak,scale,0.4,30,42,512,512,30,7.5,0,ip-adapter@512x512@tier0,True,False,pipeline default,21.703,3.479,3924.07,4582.0,5695.5,2213.99,5f68083a689f7cf62f4a95da4f33327ee21c6fbdac84828deed2c8bcd16e19ac,ok,,,outputs/EXP-009/EXP-009__ip-adapter__C4__R4__weak__s0p4__512x512__seed42__tier0.png
EXP-009,C4,ip-adapter,2026-08-01T00:42:41+00:00,stable-diffusion-v1-5/stable-diffusion-v1-5,451f4fe16113bff5a5d2269ed5ad43b0592e9a14,h94/IP-Adapter,018e402774aeeddd60609b4ecdb7e298259dc729,018e402774aeeddd60609b4ecdb7e298259dc729,2.13.0+cu126,12.6,0.39.0,NVIDIA GeForce RTX 4060 Laptop GPU,float16,DPMSolverMultistepScheduler,P4-deck,bfd72ef751983f8a267f571a92badb946d8eb238b3cdc44f547d63b5a30bc19c,322eba37a8cc00f3465f0420c556f351054c86b0fe77297c0e50f65cb6b7b494,R4,45475315cf149fc37e17301190d8a87c72640a8e9d466534ea226413a51741d0,long side bounded 512x1536 -> 341x1024 (LANCZOS); CLIP processor resize + centre-crop 224,1.0,weak,scale,0.4,30,1337,512,512,30,7.5,0,ip-adapter@512x512@tier0,True,False,pipeline default,21.703,3.394,3924.07,4582.0,5695.5,2214.02,16bd6e46750bae441fec59eade826a580d3edf39f812062366397ed673e72c2a,ok,,,outputs/EXP-009/EXP-009__ip-adapter__C4__R4__weak__s0p4__512x512__seed1337__tier0.png
EXP-009,C4,ip-adapter,2026-08-01T00:42:44+00:00,stable-diffusion-v1-5/stable-diffusion-v1-5,451f4fe16113bff5a5d2269ed5ad43b0592e9a14,h94/IP-Adapter,018e402774aeeddd60609b4ecdb7e298259dc729,018e402774aeeddd60609b4ecdb7e298259dc729,2.13.0+cu126,12.6,0.39.0,NVIDIA GeForce RTX 4060 Laptop GPU,float16,DPMSolverMultistepScheduler,P4-deck,bfd72ef751983f8a267f571a92badb946d8eb238b3cdc44f547d63b5a30bc19c,322eba37a8cc00f3465f0420c556f351054c86b0fe77297c0e50f65cb6b7b494,R4,45475315cf149fc37e17301190d8a87c72640a8e9d466534ea226413a51741d0,long side bounded 512x1536 -> 341x1024 (LANCZOS); CLIP processor resize + centre-crop 224,1.0,weak,scale,0.4,30,2026,512,512,30,7.5,0,ip-adapter@512x512@tier0,True,False,pipeline default,21.703,3.435,3924.07,4582.0,5695.5,2214.05,4293d00af1cd069a3046ca872904a8210c122c1da6c10d027224ccc57f86fe4e,ok,,,outputs/EXP-009/EXP-009__ip-adapter__C4__R4__weak__s0p4__512x512__seed2026__tier0.png
EXP-009,C1,ip-adapter,2026-08-01T00:42:48+00:00,stable-diffusion-v1-5/stable-diffusion-v1-5,451f4fe16113bff5a5d2269ed5ad43b0592e9a14,h94/IP-Adapter,018e402774aeeddd60609b4ecdb7e298259dc729,018e402774aeeddd60609b4ecdb7e298259dc729,2.13.0+cu126,12.6,0.39.0,NVIDIA GeForce RTX 4060 Laptop GPU,float16,DPMSolverMultistepScheduler,P1-poster,9c67354e368ec9b9f6e28c25781f08ad6c816ef91f74c3b969ea4591b4c24722,322eba37a8cc00f3465f0420c556f351054c86b0fe77297c0e50f65cb6b7b494,R1,515d83fc703f6bec6467aef6ae43b8d8fb7ad283aa65cc9af134dafddec3ef6c,native size 690x1024; CLIP processor resize + centre-crop 224,1.0,medium,scale,0.6,30,42,512,512,30,7.5,0,ip-adapter@512x512@tier0,True,False,pipeline default,21.703,3.382,3924.07,4582.0,5695.5,2214.29,e40d8b1ed58ac4152810de798f3942e263a09928c833d9d7a52824478b1049fd,ok,,,outputs/EXP-009/EXP-009__ip-adapter__C1__R1__medium__s0p6__512x512__seed42__tier0.png
EXP-009,C1,ip-adapter,2026-08-01T00:42:51+00:00,stable-diffusion-v1-5/stable-diffusion-v1-5,451f4fe16113bff5a5d2269ed5ad43b0592e9a14,h94/IP-Adapter,018e402774aeeddd60609b4ecdb7e298259dc729,018e402774aeeddd60609b4ecdb7e298259dc729,2.13.0+cu126,12.6,0.39.0,NVIDIA GeForce RTX 4060 Laptop GPU,float16,DPMSolverMultistepScheduler,P1-poster,9c67354e368ec9b9f6e28c25781f08ad6c816ef91f74c3b969ea4591b4c24722,322eba37a8cc00f3465f0420c556f351054c86b0fe77297c0e50f65cb6b7b494,R1,515d83fc703f6bec6467aef6ae43b8d8fb7ad283aa65cc9af134dafddec3ef6c,native size 690x1024; CLIP processor resize + centre-crop 224,1.0,medium,scale,0.6,30,1337,512,512,30,7.5,0,ip-adapter@512x512@tier0,True,False,pipeline default,21.703,3.389,3924.07,4582.0,5695.5,2214.28,9773f3332b230a49a6ca2ef508942efba888e5eb18c21cdca1bae6f1063f2dec,ok,,,outputs/EXP-009/EXP-009__ip-adapter__C1__R1__medium__s0p6__512x512__seed1337__tier0.png
EXP-009,C1,ip-adapter,2026-08-01T00:42:55+00:00,stable-diffusion-v1-5/stable-diffusion-v1-5,451f4fe16113bff5a5d2269ed5ad43b0592e9a14,h94/IP-Adapter,018e402774aeeddd60609b4ecdb7e298259dc729,018e402774aeeddd60609b4ecdb7e298259dc729,2.13.0+cu126,12.6,0.39.0,NVIDIA GeForce RTX 4060 Laptop GPU,float16,DPMSolverMultistepScheduler,P1-poster,9c67354e368ec9b9f6e28c25781f08ad6c816ef91f74c3b969ea4591b4c24722,322eba37a8cc00f3465f0420c556f351054c86b0fe77297c0e50f65cb6b7b494,R1,515d83fc703f6bec6467aef6ae43b8d8fb7ad283aa65cc9af134dafddec3ef6c,native size 690x1024; CLIP processor resize + centre-crop 224,1.0,medium,scale,0.6,30,2026,512,512,30,7.5,0,ip-adapter@512x512@tier0,True,False,pipeline default,21.703,3.403,3924.07,4582.0,5695.5,2214.39,c5a9662ec0e35b7fcf9ab97fa98f6d0ca63cacf969f1947640916c742e36a03f,ok,,,outputs/EXP-009/EXP-009__ip-adapter__C1__R1__medium__s0p6__512x512__seed2026__tier0.png
EXP-009,C2,ip-adapter,2026-08-01T00:42:58+00:00,stable-diffusion-v1-5/stable-diffusion-v1-5,451f4fe16113bff5a5d2269ed5ad43b0592e9a14,h94/IP-Adapter,018e402774aeeddd60609b4ecdb7e298259dc729,018e402774aeeddd60609b4ecdb7e298259dc729,2.13.0+cu126,12.6,0.39.0,NVIDIA GeForce RTX 4060 Laptop GPU,float16,DPMSolverMultistepScheduler,P2-geo,85ea0319cf2a6b0219702873d88f21092ac7334553e56c13c7603daec34b4660,322eba37a8cc00f3465f0420c556f351054c86b0fe77297c0e50f65cb6b7b494,R2,af49e3fb28a0582b9b651253dbdcb6b05822015e1936a4042fa6c041409d6c50,long side bounded 512x1536 -> 341x1024 (LANCZOS); CLIP processor resize + centre-crop 224,1.0,medium,scale,0.6,30,42,512,512,30,7.5,0,ip-adapter@512x512@tier0,True,False,pipeline default,21.703,3.474,3924.07,4582.0,5695.5,2214.44,9f1f7617c686c5e65e7dbfae5fa0b74a2a8347e439f76d0204d0f931f81a5784,ok,,,outputs/EXP-009/EXP-009__ip-adapter__C2__R2__medium__s0p6__512x512__seed42__tier0.png
EXP-009,C2,ip-adapter,2026-08-01T00:43:02+00:00,stable-diffusion-v1-5/stable-diffusion-v1-5,451f4fe16113bff5a5d2269ed5ad43b0592e9a14,h94/IP-Adapter,018e402774aeeddd60609b4ecdb7e298259dc729,018e402774aeeddd60609b4ecdb7e298259dc729,2.13.0+cu126,12.6,0.39.0,NVIDIA GeForce RTX 4060 Laptop GPU,float16,DPMSolverMultistepScheduler,P2-geo,85ea0319cf2a6b0219702873d88f21092ac7334553e56c13c7603daec34b4660,322eba37a8cc00f3465f0420c556f351054c86b0fe77297c0e50f65cb6b7b494,R2,af49e3fb28a0582b9b651253dbdcb6b05822015e1936a4042fa6c041409d6c50,long side bounded 512x1536 -> 341x1024 (LANCZOS); CLIP processor resize + centre-crop 224,1.0,medium,scale,0.6,30,1337,512,512,30,7.5,0,ip-adapter@512x512@tier0,True,False,pipeline default,21.703,3.456,3924.07,4582.0,5695.5,2214.46,649c09e8aa6df7bef66eb02337a34710749185ff0ebbf7128b4cbe379102fdc2,ok,,,outputs/EXP-009/EXP-009__ip-adapter__C2__R2__medium__s0p6__512x512__seed1337__tier0.png
EXP-009,C2,ip-adapter,2026-08-01T00:43:05+00:00,stable-diffusion-v1-5/stable-diffusion-v1-5,451f4fe16113bff5a5d2269ed5ad43b0592e9a14,h94/IP-Adapter,018e402774aeeddd60609b4ecdb7e298259dc729,018e402774aeeddd60609b4ecdb7e298259dc729,2.13.0+cu126,12.6,0.39.0,NVIDIA GeForce RTX 4060 Laptop GPU,float16,DPMSolverMultistepScheduler,P2-geo,85ea0319cf2a6b0219702873d88f21092ac7334553e56c13c7603daec34b4660,322eba37a8cc00f3465f0420c556f351054c86b0fe77297c0e50f65cb6b7b494,R2,af49e3fb28a0582b9b651253dbdcb6b05822015e1936a4042fa6c041409d6c50,long side bounded 512x1536 -> 341x1024 (LANCZOS); CLIP processor resize + centre-crop 224,1.0,medium,scale,0.6,30,2026,512,512,30,7.5,0,ip-adapter@512x512@tier0,True,False,pipeline default,21.703,3.541,3924.07,4582.0,5695.5,2214.48,5a907badee7dc57e9c3b08831ba85cb3a225ea2383664d224f2fdfa3366c5f40,ok,,,outputs/EXP-009/EXP-009__ip-adapter__C2__R2__medium__s0p6__512x512__seed2026__tier0.png
EXP-009,C3,ip-adapter,2026-08-01T00:43:09+00:00,stable-diffusion-v1-5/stable-diffusion-v1-5,451f4fe16113bff5a5d2269ed5ad43b0592e9a14,h94/IP-Adapter,018e402774aeeddd60609b4ecdb7e298259dc729,018e402774aeeddd60609b4ecdb7e298259dc729,2.13.0+cu126,12.6,0.39.0,NVIDIA GeForce RTX 4060 Laptop GPU,float16,DPMSolverMultistepScheduler,P3-ukiyo,9c8648d75ada09e507fe921445f19ba7a2bce1905c95cf28f8f8be00fa577a96,322eba37a8cc00f3465f0420c556f351054c86b0fe77297c0e50f65cb6b7b494,R3,cfbc213f291a0408e2cc51d051929d3a09abd100fc3c1b451b640ab7da2f83ec,long side bounded 4000x2980 -> 1024x763 (LANCZOS); CLIP processor resize + centre-crop 224,1.0,medium,scale,0.6,30,42,512,512,30,7.5,0,ip-adapter@512x512@tier0,True,False,pipeline default,21.703,3.584,3924.07,4582.0,5695.5,2214.48,07627ffb22f73fbc0683b871eff8d89b0b3607f58c79ed4ecad916ecfdbab9f7,ok,,,outputs/EXP-009/EXP-009__ip-adapter__C3__R3__medium__s0p6__512x512__seed42__tier0.png
EXP-009,C3,ip-adapter,2026-08-01T00:43:12+00:00,stable-diffusion-v1-5/stable-diffusion-v1-5,451f4fe16113bff5a5d2269ed5ad43b0592e9a14,h94/IP-Adapter,018e402774aeeddd60609b4ecdb7e298259dc729,018e402774aeeddd60609b4ecdb7e298259dc729,2.13.0+cu126,12.6,0.39.0,NVIDIA GeForce RTX 4060 Laptop GPU,float16,DPMSolverMultistepScheduler,P3-ukiyo,9c8648d75ada09e507fe921445f19ba7a2bce1905c95cf28f8f8be00fa577a96,322eba37a8cc00f3465f0420c556f351054c86b0fe77297c0e50f65cb6b7b494,R3,cfbc213f291a0408e2cc51d051929d3a09abd100fc3c1b451b640ab7da2f83ec,long side bounded 4000x2980 -> 1024x763 (LANCZOS); CLIP processor resize + centre-crop 224,1.0,medium,scale,0.6,30,1337,512,512,30,7.5,0,ip-adapter@512x512@tier0,True,False,pipeline default,21.703,3.487,3924.07,4582.0,5695.5,2214.54,f6dc56d65b511136baca38f9c679f1c3b72305cbd708d09b437394c8e61c00e7,ok,,,outputs/EXP-009/EXP-009__ip-adapter__C3__R3__medium__s0p6__512x512__seed1337__tier0.png
EXP-009,C3,ip-adapter,2026-08-01T00:43:16+00:00,stable-diffusion-v1-5/stable-diffusion-v1-5,451f4fe16113bff5a5d2269ed5ad43b0592e9a14,h94/IP-Adapter,018e402774aeeddd60609b4ecdb7e298259dc729,018e402774aeeddd60609b4ecdb7e298259dc729,2.13.0+cu126,12.6,0.39.0,NVIDIA GeForce RTX 4060 Laptop GPU,float16,DPMSolverMultistepScheduler,P3-ukiyo,9c8648d75ada09e507fe921445f19ba7a2bce1905c95cf28f8f8be00fa577a96,322eba37a8cc00f3465f0420c556f351054c86b0fe77297c0e50f65cb6b7b494,R3,cfbc213f291a0408e2cc51d051929d3a09abd100fc3c1b451b640ab7da2f83ec,long side bounded 4000x2980 -> 1024x763 (LANCZOS); CLIP processor resize + centre-crop 224,1.0,medium,scale,0.6,30,2026,512,512,30,7.5,0,ip-adapter@512x512@tier0,True,False,pipeline default,21.703,3.621,3924.07,4582.0,5695.5,2207.28,5bfde5d9fecf01f882acff4957e8a1751b13de9044e9cda257efd7672d698885,ok,,,outputs/EXP-009/EXP-009__ip-adapter__C3__R3__medium__s0p6__512x512__seed2026__tier0.png
EXP-009,C4,ip-adapter,2026-08-01T00:43:20+00:00,stable-diffusion-v1-5/stable-diffusion-v1-5,451f4fe16113bff5a5d2269ed5ad43b0592e9a14,h94/IP-Adapter,018e402774aeeddd60609b4ecdb7e298259dc729,018e402774aeeddd60609b4ecdb7e298259dc729,2.13.0+cu126,12.6,0.39.0,NVIDIA GeForce RTX 4060 Laptop GPU,float16,DPMSolverMultistepScheduler,P4-deck,bfd72ef751983f8a267f571a92badb946d8eb238b3cdc44f547d63b5a30bc19c,322eba37a8cc00f3465f0420c556f351054c86b0fe77297c0e50f65cb6b7b494,R4,45475315cf149fc37e17301190d8a87c72640a8e9d466534ea226413a51741d0,long side bounded 512x1536 -> 341x1024 (LANCZOS); CLIP processor resize + centre-crop 224,1.0,medium,scale,0.6,30,42,512,512,30,7.5,0,ip-adapter@512x512@tier0,True,False,pipeline default,21.703,3.549,3924.07,4582.0,5695.5,2207.36,392e7b311fab722446dd39c298b118935f016dd40bfea3f65417a7b87b8d762d,ok,,,outputs/EXP-009/EXP-009__ip-adapter__C4__R4__medium__s0p6__512x512__seed42__tier0.png
EXP-009,C4,ip-adapter,2026-08-01T00:43:24+00:00,stable-diffusion-v1-5/stable-diffusion-v1-5,451f4fe16113bff5a5d2269ed5ad43b0592e9a14,h94/IP-Adapter,018e402774aeeddd60609b4ecdb7e298259dc729,018e402774aeeddd60609b4ecdb7e298259dc729,2.13.0+cu126,12.6,0.39.0,NVIDIA GeForce RTX 4060 Laptop GPU,float16,DPMSolverMultistepScheduler,P4-deck,bfd72ef751983f8a267f571a92badb946d8eb238b3cdc44f547d63b5a30bc19c,322eba37a8cc00f3465f0420c556f351054c86b0fe77297c0e50f65cb6b7b494,R4,45475315cf149fc37e17301190d8a87c72640a8e9d466534ea226413a51741d0,long side bounded 512x1536 -> 341x1024 (LANCZOS); CLIP processor resize + centre-crop 224,1.0,medium,scale,0.6,30,1337,512,512,30,7.5,0,ip-adapter@512x512@tier0,True,False,pipeline default,21.703,4.12,3924.07,4582.0,5695.5,2207.37,7eccefdb933a6e16ecb2341fe4bc151fe08c82923db074c78dfe50a95f1e28f0,ok,,,outputs/EXP-009/EXP-009__ip-adapter__C4__R4__medium__s0p6__512x512__seed1337__tier0.png
EXP-009,C4,ip-adapter,2026-08-01T00:43:28+00:00,stable-diffusion-v1-5/stable-diffusion-v1-5,451f4fe16113bff5a5d2269ed5ad43b0592e9a14,h94/IP-Adapter,018e402774aeeddd60609b4ecdb7e298259dc729,018e402774aeeddd60609b4ecdb7e298259dc729,2.13.0+cu126,12.6,0.39.0,NVIDIA GeForce RTX 4060 Laptop GPU,float16,DPMSolverMultistepScheduler,P4-deck,bfd72ef751983f8a267f571a92badb946d8eb238b3cdc44f547d63b5a30bc19c,322eba37a8cc00f3465f0420c556f351054c86b0fe77297c0e50f65cb6b7b494,R4,45475315cf149fc37e17301190d8a87c72640a8e9d466534ea226413a51741d0,long side bounded 512x1536 -> 341x1024 (LANCZOS); CLIP processor resize + centre-crop 224,1.0,medium,scale,0.6,30,2026,512,512,30,7.5,0,ip-adapter@512x512@tier0,True,False,pipeline default,21.703,3.588,3924.07,4582.0,5695.5,2203.79,60ab4829f79f53d789f3633455abadcf67067d4a2d118d0bfdedfc21fa4b6249,ok,,,outputs/EXP-009/EXP-009__ip-adapter__C4__R4__medium__s0p6__512x512__seed2026__tier0.png
EXP-009,C1,ip-adapter,2026-08-01T00:43:32+00:00,stable-diffusion-v1-5/stable-diffusion-v1-5,451f4fe16113bff5a5d2269ed5ad43b0592e9a14,h94/IP-Adapter,018e402774aeeddd60609b4ecdb7e298259dc729,018e402774aeeddd60609b4ecdb7e298259dc729,2.13.0+cu126,12.6,0.39.0,NVIDIA GeForce RTX 4060 Laptop GPU,float16,DPMSolverMultistepScheduler,P1-poster,9c67354e368ec9b9f6e28c25781f08ad6c816ef91f74c3b969ea4591b4c24722,322eba37a8cc00f3465f0420c556f351054c86b0fe77297c0e50f65cb6b7b494,R1,515d83fc703f6bec6467aef6ae43b8d8fb7ad283aa65cc9af134dafddec3ef6c,native size 690x1024; CLIP processor resize + centre-crop 224,1.0,strong,scale,0.8,30,42,512,512,30,7.5,0,ip-adapter@512x512@tier0,True,False,pipeline default,21.703,4.238,3924.07,4582.0,5695.5,2203.8,8ee68735f4b01f90ef7026d667a99fc26fe195e933780dac83132e544cd503f8,ok,,,outputs/EXP-009/EXP-009__ip-adapter__C1__R1__strong__s0p8__512x512__seed42__tier0.png
EXP-009,C1,ip-adapter,2026-08-01T00:43:36+00:00,stable-diffusion-v1-5/stable-diffusion-v1-5,451f4fe16113bff5a5d2269ed5ad43b0592e9a14,h94/IP-Adapter,018e402774aeeddd60609b4ecdb7e298259dc729,018e402774aeeddd60609b4ecdb7e298259dc729,2.13.0+cu126,12.6,0.39.0,NVIDIA GeForce RTX 4060 Laptop GPU,float16,DPMSolverMultistepScheduler,P1-poster,9c67354e368ec9b9f6e28c25781f08ad6c816ef91f74c3b969ea4591b4c24722,322eba37a8cc00f3465f0420c556f351054c86b0fe77297c0e50f65cb6b7b494,R1,515d83fc703f6bec6467aef6ae43b8d8fb7ad283aa65cc9af134dafddec3ef6c,native size 690x1024; CLIP processor resize + centre-crop 224,1.0,strong,scale,0.8,30,1337,512,512,30,7.5,0,ip-adapter@512x512@tier0,True,False,pipeline default,21.703,4.261,3924.07,4582.0,5695.5,2131.81,d9de93cad56100d36d3f168a56f75cd1a9cb51cce8b12f23be130506259195dc,ok,,,outputs/EXP-009/EXP-009__ip-adapter__C1__R1__strong__s0p8__512x512__seed1337__tier0.png
EXP-009,C1,ip-adapter,2026-08-01T00:43:40+00:00,stable-diffusion-v1-5/stable-diffusion-v1-5,451f4fe16113bff5a5d2269ed5ad43b0592e9a14,h94/IP-Adapter,018e402774aeeddd60609b4ecdb7e298259dc729,018e402774aeeddd60609b4ecdb7e298259dc729,2.13.0+cu126,12.6,0.39.0,NVIDIA GeForce RTX 4060 Laptop GPU,float16,DPMSolverMultistepScheduler,P1-poster,9c67354e368ec9b9f6e28c25781f08ad6c816ef91f74c3b969ea4591b4c24722,322eba37a8cc00f3465f0420c556f351054c86b0fe77297c0e50f65cb6b7b494,R1,515d83fc703f6bec6467aef6ae43b8d8fb7ad283aa65cc9af134dafddec3ef6c,native size 690x1024; CLIP processor resize + centre-crop 224,1.0,strong,scale,0.8,30,2026,512,512,30,7.5,0,ip-adapter@512x512@tier0,True,False,pipeline default,21.703,3.435,3924.07,4582.0,5695.5,2028.19,fb288bb8742fc480193d2674d554a79439a9e0afb18dc267fcfa72d4b39e37f2,ok,,,outputs/EXP-009/EXP-009__ip-adapter__C1__R1__strong__s0p8__512x512__seed2026__tier0.png
EXP-009,C2,ip-adapter,2026-08-01T00:43:43+00:00,stable-diffusion-v1-5/stable-diffusion-v1-5,451f4fe16113bff5a5d2269ed5ad43b0592e9a14,h94/IP-Adapter,018e402774aeeddd60609b4ecdb7e298259dc729,018e402774aeeddd60609b4ecdb7e298259dc729,2.13.0+cu126,12.6,0.39.0,NVIDIA GeForce RTX 4060 Laptop GPU,float16,DPMSolverMultistepScheduler,P2-geo,85ea0319cf2a6b0219702873d88f21092ac7334553e56c13c7603daec34b4660,322eba37a8cc00f3465f0420c556f351054c86b0fe77297c0e50f65cb6b7b494,R2,af49e3fb28a0582b9b651253dbdcb6b05822015e1936a4042fa6c041409d6c50,long side bounded 512x1536 -> 341x1024 (LANCZOS); CLIP processor resize + centre-crop 224,1.0,strong,scale,0.8,30,42,512,512,30,7.5,0,ip-adapter@512x512@tier0,True,False,pipeline default,21.703,3.413,3924.07,4582.0,5695.5,2028.25,7536b96009dddfd5232dc90f1223b4a17ea7d169bf2ebc4a461b51968fbd7ab5,ok,,,outputs/EXP-009/EXP-009__ip-adapter__C2__R2__strong__s0p8__512x512__seed42__tier0.png
EXP-009,C2,ip-adapter,2026-08-01T00:43:47+00:00,stable-diffusion-v1-5/stable-diffusion-v1-5,451f4fe16113bff5a5d2269ed5ad43b0592e9a14,h94/IP-Adapter,018e402774aeeddd60609b4ecdb7e298259dc729,018e402774aeeddd60609b4ecdb7e298259dc729,2.13.0+cu126,12.6,0.39.0,NVIDIA GeForce RTX 4060 Laptop GPU,float16,DPMSolverMultistepScheduler,P2-geo,85ea0319cf2a6b0219702873d88f21092ac7334553e56c13c7603daec34b4660,322eba37a8cc00f3465f0420c556f351054c86b0fe77297c0e50f65cb6b7b494,R2,af49e3fb28a0582b9b651253dbdcb6b05822015e1936a4042fa6c041409d6c50,long side bounded 512x1536 -> 341x1024 (LANCZOS); CLIP processor resize + centre-crop 224,1.0,strong,scale,0.8,30,1337,512,512,30,7.5,0,ip-adapter@512x512@tier0,True,False,pipeline default,21.703,3.379,3924.07,4582.0,5695.5,2028.33,b93388b18d27a83507e8126eda8f91e905ede61b92a623b1ccc7544ed7ce118b,ok,,,outputs/EXP-009/EXP-009__ip-adapter__C2__R2__strong__s0p8__512x512__seed1337__tier0.png
EXP-009,C2,ip-adapter,2026-08-01T00:43:50+00:00,stable-diffusion-v1-5/stable-diffusion-v1-5,451f4fe16113bff5a5d2269ed5ad43b0592e9a14,h94/IP-Adapter,018e402774aeeddd60609b4ecdb7e298259dc729,018e402774aeeddd60609b4ecdb7e298259dc729,2.13.0+cu126,12.6,0.39.0,NVIDIA GeForce RTX 4060 Laptop GPU,float16,DPMSolverMultistepScheduler,P2-geo,85ea0319cf2a6b0219702873d88f21092ac7334553e56c13c7603daec34b4660,322eba37a8cc00f3465f0420c556f351054c86b0fe77297c0e50f65cb6b7b494,R2,af49e3fb28a0582b9b651253dbdcb6b05822015e1936a4042fa6c041409d6c50,long side bounded 512x1536 -> 341x1024 (LANCZOS); CLIP processor resize + centre-crop 224,1.0,strong,scale,0.8,30,2026,512,512,30,7.5,0,ip-adapter@512x512@tier0,True,False,pipeline default,21.703,3.391,3924.07,4582.0,5695.5,2028.38,7a0038c44cee09bb65ef917f88b958a3c107a43319790f7e2c92e1c9c44bc66a,ok,,,outputs/EXP-009/EXP-009__ip-adapter__C2__R2__strong__s0p8__512x512__seed2026__tier0.png
EXP-009,C3,ip-adapter,2026-08-01T00:43:54+00:00,stable-diffusion-v1-5/stable-diffusion-v1-5,451f4fe16113bff5a5d2269ed5ad43b0592e9a14,h94/IP-Adapter,018e402774aeeddd60609b4ecdb7e298259dc729,018e402774aeeddd60609b4ecdb7e298259dc729,2.13.0+cu126,12.6,0.39.0,NVIDIA GeForce RTX 4060 Laptop GPU,float16,DPMSolverMultistepScheduler,P3-ukiyo,9c8648d75ada09e507fe921445f19ba7a2bce1905c95cf28f8f8be00fa577a96,322eba37a8cc00f3465f0420c556f351054c86b0fe77297c0e50f65cb6b7b494,R3,cfbc213f291a0408e2cc51d051929d3a09abd100fc3c1b451b640ab7da2f83ec,long side bounded 4000x2980 -> 1024x763 (LANCZOS); CLIP processor resize + centre-crop 224,1.0,strong,scale,0.8,30,42,512,512,30,7.5,0,ip-adapter@512x512@tier0,True,False,pipeline default,21.703,3.384,3924.07,4582.0,5695.5,2028.88,3e453892e33dd27f5703f68ff29238d62357864d84b3f77329ee9c17df7e768e,ok,,,outputs/EXP-009/EXP-009__ip-adapter__C3__R3__strong__s0p8__512x512__seed42__tier0.png
EXP-009,C3,ip-adapter,2026-08-01T00:43:57+00:00,stable-diffusion-v1-5/stable-diffusion-v1-5,451f4fe16113bff5a5d2269ed5ad43b0592e9a14,h94/IP-Adapter,018e402774aeeddd60609b4ecdb7e298259dc729,018e402774aeeddd60609b4ecdb7e298259dc729,2.13.0+cu126,12.6,0.39.0,NVIDIA GeForce RTX 4060 Laptop GPU,float16,DPMSolverMultistepScheduler,P3-ukiyo,9c8648d75ada09e507fe921445f19ba7a2bce1905c95cf28f8f8be00fa577a96,322eba37a8cc00f3465f0420c556f351054c86b0fe77297c0e50f65cb6b7b494,R3,cfbc213f291a0408e2cc51d051929d3a09abd100fc3c1b451b640ab7da2f83ec,long side bounded 4000x2980 -> 1024x763 (LANCZOS); CLIP processor resize + centre-crop 224,1.0,strong,scale,0.8,30,1337,512,512,30,7.5,0,ip-adapter@512x512@tier0,True,False,pipeline default,21.703,3.386,3924.07,4582.0,5695.5,2028.95,e3927b697c9e9b1c8cefa86d8fc9d7f0b087b09293649acb05e91a66623cf097,ok,,,outputs/EXP-009/EXP-009__ip-adapter__C3__R3__strong__s0p8__512x512__seed1337__tier0.png
EXP-009,C3,ip-adapter,2026-08-01T00:44:01+00:00,stable-diffusion-v1-5/stable-diffusion-v1-5,451f4fe16113bff5a5d2269ed5ad43b0592e9a14,h94/IP-Adapter,018e402774aeeddd60609b4ecdb7e298259dc729,018e402774aeeddd60609b4ecdb7e298259dc729,2.13.0+cu126,12.6,0.39.0,NVIDIA GeForce RTX 4060 Laptop GPU,float16,DPMSolverMultistepScheduler,P3-ukiyo,9c8648d75ada09e507fe921445f19ba7a2bce1905c95cf28f8f8be00fa577a96,322eba37a8cc00f3465f0420c556f351054c86b0fe77297c0e50f65cb6b7b494,R3,cfbc213f291a0408e2cc51d051929d3a09abd100fc3c1b451b640ab7da2f83ec,long side bounded 4000x2980 -> 1024x763 (LANCZOS); CLIP processor resize + centre-crop 224,1.0,strong,scale,0.8,30,2026,512,512,30,7.5,0,ip-adapter@512x512@tier0,True,False,pipeline default,21.703,3.429,3924.07,4582.0,5695.5,2025.26,0410d735309aea67d2bb26d299647e4c19a9cd49414fdf425b5c617523e53641,ok,,,outputs/EXP-009/EXP-009__ip-adapter__C3__R3__strong__s0p8__512x512__seed2026__tier0.png
EXP-009,C4,ip-adapter,2026-08-01T00:44:04+00:00,stable-diffusion-v1-5/stable-diffusion-v1-5,451f4fe16113bff5a5d2269ed5ad43b0592e9a14,h94/IP-Adapter,018e402774aeeddd60609b4ecdb7e298259dc729,018e402774aeeddd60609b4ecdb7e298259dc729,2.13.0+cu126,12.6,0.39.0,NVIDIA GeForce RTX 4060 Laptop GPU,float16,DPMSolverMultistepScheduler,P4-deck,bfd72ef751983f8a267f571a92badb946d8eb238b3cdc44f547d63b5a30bc19c,322eba37a8cc00f3465f0420c556f351054c86b0fe77297c0e50f65cb6b7b494,R4,45475315cf149fc37e17301190d8a87c72640a8e9d466534ea226413a51741d0,long side bounded 512x1536 -> 341x1024 (LANCZOS); CLIP processor resize + centre-crop 224,1.0,strong,scale,0.8,30,42,512,512,30,7.5,0,ip-adapter@512x512@tier0,True,False,pipeline default,21.703,3.384,3924.07,4582.0,5695.5,2026.01,6dbc4916f0d22755cf261ad321645bb5694db252fc298984b2c4b3e6f7ee5fe8,ok,,,outputs/EXP-009/EXP-009__ip-adapter__C4__R4__strong__s0p8__512x512__seed42__tier0.png
EXP-009,C4,ip-adapter,2026-08-01T00:44:08+00:00,stable-diffusion-v1-5/stable-diffusion-v1-5,451f4fe16113bff5a5d2269ed5ad43b0592e9a14,h94/IP-Adapter,018e402774aeeddd60609b4ecdb7e298259dc729,018e402774aeeddd60609b4ecdb7e298259dc729,2.13.0+cu126,12.6,0.39.0,NVIDIA GeForce RTX 4060 Laptop GPU,float16,DPMSolverMultistepScheduler,P4-deck,bfd72ef751983f8a267f571a92badb946d8eb238b3cdc44f547d63b5a30bc19c,322eba37a8cc00f3465f0420c556f351054c86b0fe77297c0e50f65cb6b7b494,R4,45475315cf149fc37e17301190d8a87c72640a8e9d466534ea226413a51741d0,long side bounded 512x1536 -> 341x1024 (LANCZOS); CLIP processor resize + centre-crop 224,1.0,strong,scale,0.8,30,1337,512,512,30,7.5,0,ip-adapter@512x512@tier0,True,False,pipeline default,21.703,3.496,3924.07,4582.0,5695.5,2025.8,b9c5bc15ae92fdc3a8d8f52b2d4f0e14bb703dc0521af6cc9f8c04381af7f79f,ok,,,outputs/EXP-009/EXP-009__ip-adapter__C4__R4__strong__s0p8__512x512__seed1337__tier0.png
EXP-009,C4,ip-adapter,2026-08-01T00:44:11+00:00,stable-diffusion-v1-5/stable-diffusion-v1-5,451f4fe16113bff5a5d2269ed5ad43b0592e9a14,h94/IP-Adapter,018e402774aeeddd60609b4ecdb7e298259dc729,018e402774aeeddd60609b4ecdb7e298259dc729,2.13.0+cu126,12.6,0.39.0,NVIDIA GeForce RTX 4060 Laptop GPU,float16,DPMSolverMultistepScheduler,P4-deck,bfd72ef751983f8a267f571a92badb946d8eb238b3cdc44f547d63b5a30bc19c,322eba37a8cc00f3465f0420c556f351054c86b0fe77297c0e50f65cb6b7b494,R4,45475315cf149fc37e17301190d8a87c72640a8e9d466534ea226413a51741d0,long side bounded 512x1536 -> 341x1024 (LANCZOS); CLIP processor resize + centre-crop 224,1.0,strong,scale,0.8,30,2026,512,512,30,7.5,0,ip-adapter@512x512@tier0,True,False,pipeline default,21.703,3.42,3924.07,4582.0,5695.5,2025.29,2470a25867fd785f6f2e29ea9c37d1d28ae9cb034b66a4420d9ed84fdac322d8,ok,,,outputs/EXP-009/EXP-009__ip-adapter__C4__R4__strong__s0p8__512x512__seed2026__tier0.png
EXP-009,C1,ip-adapter,2026-08-01T00:44:15+00:00,stable-diffusion-v1-5/stable-diffusion-v1-5,451f4fe16113bff5a5d2269ed5ad43b0592e9a14,h94/IP-Adapter,018e402774aeeddd60609b4ecdb7e298259dc729,018e402774aeeddd60609b4ecdb7e298259dc729,2.13.0+cu126,12.6,0.39.0,NVIDIA GeForce RTX 4060 Laptop GPU,float16,DPMSolverMultistepScheduler,P1-poster,9c67354e368ec9b9f6e28c25781f08ad6c816ef91f74c3b969ea4591b4c24722,322eba37a8cc00f3465f0420c556f351054c86b0fe77297c0e50f65cb6b7b494,R1,515d83fc703f6bec6467aef6ae43b8d8fb7ad283aa65cc9af134dafddec3ef6c,native size 690x1024; CLIP processor resize + centre-crop 224,1.0,strong,scale,1.0,30,42,512,512,30,7.5,0,ip-adapter@512x512@tier0,True,False,pipeline default,21.703,3.365,3924.07,4582.0,5695.5,2027.05,4ba882f21935292e8482ae86475efe2650614b05b120753061afc14f35874047,ok,,,outputs/EXP-009/EXP-009__ip-adapter__C1__R1__strong__s1__512x512__seed42__tier0.png
EXP-009,C1,ip-adapter,2026-08-01T00:44:18+00:00,stable-diffusion-v1-5/stable-diffusion-v1-5,451f4fe16113bff5a5d2269ed5ad43b0592e9a14,h94/IP-Adapter,018e402774aeeddd60609b4ecdb7e298259dc729,018e402774aeeddd60609b4ecdb7e298259dc729,2.13.0+cu126,12.6,0.39.0,NVIDIA GeForce RTX 4060 Laptop GPU,float16,DPMSolverMultistepScheduler,P1-poster,9c67354e368ec9b9f6e28c25781f08ad6c816ef91f74c3b969ea4591b4c24722,322eba37a8cc00f3465f0420c556f351054c86b0fe77297c0e50f65cb6b7b494,R1,515d83fc703f6bec6467aef6ae43b8d8fb7ad283aa65cc9af134dafddec3ef6c,native size 690x1024; CLIP processor resize + centre-crop 224,1.0,strong,scale,1.0,30,1337,512,512,30,7.5,0,ip-adapter@512x512@tier0,True,False,pipeline default,21.703,3.36,3924.07,4582.0,5695.5,2027.07,0bf29b4dae6ea8e73f6c7458c94d5d74fe09a9e576e7ab44c1e07e26268a11df,ok,,,outputs/EXP-009/EXP-009__ip-adapter__C1__R1__strong__s1__512x512__seed1337__tier0.png
EXP-009,C1,ip-adapter,2026-08-01T00:44:22+00:00,stable-diffusion-v1-5/stable-diffusion-v1-5,451f4fe16113bff5a5d2269ed5ad43b0592e9a14,h94/IP-Adapter,018e402774aeeddd60609b4ecdb7e298259dc729,018e402774aeeddd60609b4ecdb7e298259dc729,2.13.0+cu126,12.6,0.39.0,NVIDIA GeForce RTX 4060 Laptop GPU,float16,DPMSolverMultistepScheduler,P1-poster,9c67354e368ec9b9f6e28c25781f08ad6c816ef91f74c3b969ea4591b4c24722,322eba37a8cc00f3465f0420c556f351054c86b0fe77297c0e50f65cb6b7b494,R1,515d83fc703f6bec6467aef6ae43b8d8fb7ad283aa65cc9af134dafddec3ef6c,native size 690x1024; CLIP processor resize + centre-crop 224,1.0,strong,scale,1.0,30,2026,512,512,30,7.5,0,ip-adapter@512x512@tier0,True,False,pipeline default,21.703,3.357,3924.07,4582.0,5695.5,2027.09,8fa895bdf0e0fb2ced214259cd8891210b7798766ce145cec1bc54d5b1ee6f7b,ok,,,outputs/EXP-009/EXP-009__ip-adapter__C1__R1__strong__s1__512x512__seed2026__tier0.png
EXP-009,C2,ip-adapter,2026-08-01T00:44:25+00:00,stable-diffusion-v1-5/stable-diffusion-v1-5,451f4fe16113bff5a5d2269ed5ad43b0592e9a14,h94/IP-Adapter,018e402774aeeddd60609b4ecdb7e298259dc729,018e402774aeeddd60609b4ecdb7e298259dc729,2.13.0+cu126,12.6,0.39.0,NVIDIA GeForce RTX 4060 Laptop GPU,float16,DPMSolverMultistepScheduler,P2-geo,85ea0319cf2a6b0219702873d88f21092ac7334553e56c13c7603daec34b4660,322eba37a8cc00f3465f0420c556f351054c86b0fe77297c0e50f65cb6b7b494,R2,af49e3fb28a0582b9b651253dbdcb6b05822015e1936a4042fa6c041409d6c50,long side bounded 512x1536 -> 341x1024 (LANCZOS); CLIP processor resize + centre-crop 224,1.0,strong,scale,1.0,30,42,512,512,30,7.5,0,ip-adapter@512x512@tier0,True,False,pipeline default,21.703,3.389,3924.07,4582.0,5695.5,2027.18,b0d90276906b6c1885bf313b58e88a8e05fee2aa4d327586215ceb970836a43d,ok,,,outputs/EXP-009/EXP-009__ip-adapter__C2__R2__strong__s1__512x512__seed42__tier0.png
EXP-009,C2,ip-adapter,2026-08-01T00:44:29+00:00,stable-diffusion-v1-5/stable-diffusion-v1-5,451f4fe16113bff5a5d2269ed5ad43b0592e9a14,h94/IP-Adapter,018e402774aeeddd60609b4ecdb7e298259dc729,018e402774aeeddd60609b4ecdb7e298259dc729,2.13.0+cu126,12.6,0.39.0,NVIDIA GeForce RTX 4060 Laptop GPU,float16,DPMSolverMultistepScheduler,P2-geo,85ea0319cf2a6b0219702873d88f21092ac7334553e56c13c7603daec34b4660,322eba37a8cc00f3465f0420c556f351054c86b0fe77297c0e50f65cb6b7b494,R2,af49e3fb28a0582b9b651253dbdcb6b05822015e1936a4042fa6c041409d6c50,long side bounded 512x1536 -> 341x1024 (LANCZOS); CLIP processor resize + centre-crop 224,1.0,strong,scale,1.0,30,1337,512,512,30,7.5,0,ip-adapter@512x512@tier0,True,False,pipeline default,21.703,3.377,3924.07,4582.0,5695.5,2027.2,6b4fac79825c1efd144be964fa2cd17ea54504ff56377cd16930d3a9dcf54bac,ok,,,outputs/EXP-009/EXP-009__ip-adapter__C2__R2__strong__s1__512x512__seed1337__tier0.png
EXP-009,C2,ip-adapter,2026-08-01T00:44:32+00:00,stable-diffusion-v1-5/stable-diffusion-v1-5,451f4fe16113bff5a5d2269ed5ad43b0592e9a14,h94/IP-Adapter,018e402774aeeddd60609b4ecdb7e298259dc729,018e402774aeeddd60609b4ecdb7e298259dc729,2.13.0+cu126,12.6,0.39.0,NVIDIA GeForce RTX 4060 Laptop GPU,float16,DPMSolverMultistepScheduler,P2-geo,85ea0319cf2a6b0219702873d88f21092ac7334553e56c13c7603daec34b4660,322eba37a8cc00f3465f0420c556f351054c86b0fe77297c0e50f65cb6b7b494,R2,af49e3fb28a0582b9b651253dbdcb6b05822015e1936a4042fa6c041409d6c50,long side bounded 512x1536 -> 341x1024 (LANCZOS); CLIP processor resize + centre-crop 224,1.0,strong,scale,1.0,30,2026,512,512,30,7.5,0,ip-adapter@512x512@tier0,True,False,pipeline default,21.703,3.394,3924.07,4582.0,5695.5,2027.23,750c1670b6d91f3e955bdb48603fc1077f4bab077566f612bb86b62ef20f2942,ok,,,outputs/EXP-009/EXP-009__ip-adapter__C2__R2__strong__s1__512x512__seed2026__tier0.png
EXP-009,C3,ip-adapter,2026-08-01T00:44:36+00:00,stable-diffusion-v1-5/stable-diffusion-v1-5,451f4fe16113bff5a5d2269ed5ad43b0592e9a14,h94/IP-Adapter,018e402774aeeddd60609b4ecdb7e298259dc729,018e402774aeeddd60609b4ecdb7e298259dc729,2.13.0+cu126,12.6,0.39.0,NVIDIA GeForce RTX 4060 Laptop GPU,float16,DPMSolverMultistepScheduler,P3-ukiyo,9c8648d75ada09e507fe921445f19ba7a2bce1905c95cf28f8f8be00fa577a96,322eba37a8cc00f3465f0420c556f351054c86b0fe77297c0e50f65cb6b7b494,R3,cfbc213f291a0408e2cc51d051929d3a09abd100fc3c1b451b640ab7da2f83ec,long side bounded 4000x2980 -> 1024x763 (LANCZOS); CLIP processor resize + centre-crop 224,1.0,strong,scale,1.0,30,42,512,512,30,7.5,0,ip-adapter@512x512@tier0,True,False,pipeline default,21.703,3.446,3924.07,4582.0,5695.5,2027.55,c596729447201650e1c86c04e444f8319be6a41fbfd2963639976295b921c3af,ok,,,outputs/EXP-009/EXP-009__ip-adapter__C3__R3__strong__s1__512x512__seed42__tier0.png
EXP-009,C3,ip-adapter,2026-08-01T00:44:39+00:00,stable-diffusion-v1-5/stable-diffusion-v1-5,451f4fe16113bff5a5d2269ed5ad43b0592e9a14,h94/IP-Adapter,018e402774aeeddd60609b4ecdb7e298259dc729,018e402774aeeddd60609b4ecdb7e298259dc729,2.13.0+cu126,12.6,0.39.0,NVIDIA GeForce RTX 4060 Laptop GPU,float16,DPMSolverMultistepScheduler,P3-ukiyo,9c8648d75ada09e507fe921445f19ba7a2bce1905c95cf28f8f8be00fa577a96,322eba37a8cc00f3465f0420c556f351054c86b0fe77297c0e50f65cb6b7b494,R3,cfbc213f291a0408e2cc51d051929d3a09abd100fc3c1b451b640ab7da2f83ec,long side bounded 4000x2980 -> 1024x763 (LANCZOS); CLIP processor resize + centre-crop 224,1.0,strong,scale,1.0,30,1337,512,512,30,7.5,0,ip-adapter@512x512@tier0,True,False,pipeline default,21.703,3.403,3924.07,4582.0,5695.5,2027.62,ff507562ea10ad935ac0a0986e521463840a21a87433c008be3228ee95dae112,ok,,,outputs/EXP-009/EXP-009__ip-adapter__C3__R3__strong__s1__512x512__seed1337__tier0.png
EXP-009,C3,ip-adapter,2026-08-01T00:44:43+00:00,stable-diffusion-v1-5/stable-diffusion-v1-5,451f4fe16113bff5a5d2269ed5ad43b0592e9a14,h94/IP-Adapter,018e402774aeeddd60609b4ecdb7e298259dc729,018e402774aeeddd60609b4ecdb7e298259dc729,2.13.0+cu126,12.6,0.39.0,NVIDIA GeForce RTX 4060 Laptop GPU,float16,DPMSolverMultistepScheduler,P3-ukiyo,9c8648d75ada09e507fe921445f19ba7a2bce1905c95cf28f8f8be00fa577a96,322eba37a8cc00f3465f0420c556f351054c86b0fe77297c0e50f65cb6b7b494,R3,cfbc213f291a0408e2cc51d051929d3a09abd100fc3c1b451b640ab7da2f83ec,long side bounded 4000x2980 -> 1024x763 (LANCZOS); CLIP processor resize + centre-crop 224,1.0,strong,scale,1.0,30,2026,512,512,30,7.5,0,ip-adapter@512x512@tier0,True,False,pipeline default,21.703,3.463,3924.07,4582.0,5695.5,2027.64,e2dff8d1e614e5f3ae088a3a70c6d11dabd2a762eeef2dd10b4f2e93e7fc261c,ok,,,outputs/EXP-009/EXP-009__ip-adapter__C3__R3__strong__s1__512x512__seed2026__tier0.png
EXP-009,C4,ip-adapter,2026-08-01T00:44:47+00:00,stable-diffusion-v1-5/stable-diffusion-v1-5,451f4fe16113bff5a5d2269ed5ad43b0592e9a14,h94/IP-Adapter,018e402774aeeddd60609b4ecdb7e298259dc729,018e402774aeeddd60609b4ecdb7e298259dc729,2.13.0+cu126,12.6,0.39.0,NVIDIA GeForce RTX 4060 Laptop GPU,float16,DPMSolverMultistepScheduler,P4-deck,bfd72ef751983f8a267f571a92badb946d8eb238b3cdc44f547d63b5a30bc19c,322eba37a8cc00f3465f0420c556f351054c86b0fe77297c0e50f65cb6b7b494,R4,45475315cf149fc37e17301190d8a87c72640a8e9d466534ea226413a51741d0,long side bounded 512x1536 -> 341x1024 (LANCZOS); CLIP processor resize + centre-crop 224,1.0,strong,scale,1.0,30,42,512,512,30,7.5,0,ip-adapter@512x512@tier0,True,False,pipeline default,21.703,3.785,3924.07,4582.0,5695.5,2027.7,96301cf6953b84ea5e4538839236d4f4a263a18333cc4d287fef35fd166035b9,ok,,,outputs/EXP-009/EXP-009__ip-adapter__C4__R4__strong__s1__512x512__seed42__tier0.png
EXP-009,C4,ip-adapter,2026-08-01T00:44:50+00:00,stable-diffusion-v1-5/stable-diffusion-v1-5,451f4fe16113bff5a5d2269ed5ad43b0592e9a14,h94/IP-Adapter,018e402774aeeddd60609b4ecdb7e298259dc729,018e402774aeeddd60609b4ecdb7e298259dc729,2.13.0+cu126,12.6,0.39.0,NVIDIA GeForce RTX 4060 Laptop GPU,float16,DPMSolverMultistepScheduler,P4-deck,bfd72ef751983f8a267f571a92badb946d8eb238b3cdc44f547d63b5a30bc19c,322eba37a8cc00f3465f0420c556f351054c86b0fe77297c0e50f65cb6b7b494,R4,45475315cf149fc37e17301190d8a87c72640a8e9d466534ea226413a51741d0,long side bounded 512x1536 -> 341x1024 (LANCZOS); CLIP processor resize + centre-crop 224,1.0,strong,scale,1.0,30,1337,512,512,30,7.5,0,ip-adapter@512x512@tier0,True,False,pipeline default,21.703,3.478,3924.07,4582.0,5695.5,2027.71,9146538e3659cdaed9dc6c8291bfb11807add4ebab2d05ff1c176c7eb7c31369,ok,,,outputs/EXP-009/EXP-009__ip-adapter__C4__R4__strong__s1__512x512__seed1337__tier0.png
EXP-009,C4,ip-adapter,2026-08-01T00:44:54+00:00,stable-diffusion-v1-5/stable-diffusion-v1-5,451f4fe16113bff5a5d2269ed5ad43b0592e9a14,h94/IP-Adapter,018e402774aeeddd60609b4ecdb7e298259dc729,018e402774aeeddd60609b4ecdb7e298259dc729,2.13.0+cu126,12.6,0.39.0,NVIDIA GeForce RTX 4060 Laptop GPU,float16,DPMSolverMultistepScheduler,P4-deck,bfd72ef751983f8a267f571a92badb946d8eb238b3cdc44f547d63b5a30bc19c,322eba37a8cc00f3465f0420c556f351054c86b0fe77297c0e50f65cb6b7b494,R4,45475315cf149fc37e17301190d8a87c72640a8e9d466534ea226413a51741d0,long side bounded 512x1536 -> 341x1024 (LANCZOS); CLIP processor resize + centre-crop 224,1.0,strong,scale,1.0,30,2026,512,512,30,7.5,0,ip-adapter@512x512@tier0,True,False,pipeline default,21.703,3.429,3924.07,4582.0,5695.5,2027.77,f0ff10b2a47a8c33679777c765bcbcfeafd4c2cb587ee83355d145f960335130,ok,,,outputs/EXP-009/EXP-009__ip-adapter__C4__R4__strong__s1__512x512__seed2026__tier0.png
EXP-009,C1,ip-adapter,2026-08-01T00:44:57+00:00,stable-diffusion-v1-5/stable-diffusion-v1-5,451f4fe16113bff5a5d2269ed5ad43b0592e9a14,h94/IP-Adapter,018e402774aeeddd60609b4ecdb7e298259dc729,018e402774aeeddd60609b4ecdb7e298259dc729,2.13.0+cu126,12.6,0.39.0,NVIDIA GeForce RTX 4060 Laptop GPU,float16,DPMSolverMultistepScheduler,P1-poster,9c67354e368ec9b9f6e28c25781f08ad6c816ef91f74c3b969ea4591b4c24722,322eba37a8cc00f3465f0420c556f351054c86b0fe77297c0e50f65cb6b7b494,R1,515d83fc703f6bec6467aef6ae43b8d8fb7ad283aa65cc9af134dafddec3ef6c,native size 690x1024; CLIP processor resize + centre-crop 224,1.0,weak,scale,0.25,30,42,512,512,30,7.5,0,ip-adapter@512x512@tier0,True,False,pipeline default,21.703,3.375,3924.07,4582.0,5695.5,2027.79,def478a1d6328bbdaafe77c0268fd33eee79b287da85c7038eb629a452907118,ok,,,outputs/EXP-009/EXP-009__ip-adapter__C1__R1__weak__s0p25__512x512__seed42__tier0.png
EXP-009,C1,ip-adapter,2026-08-01T00:45:01+00:00,stable-diffusion-v1-5/stable-diffusion-v1-5,451f4fe16113bff5a5d2269ed5ad43b0592e9a14,h94/IP-Adapter,018e402774aeeddd60609b4ecdb7e298259dc729,018e402774aeeddd60609b4ecdb7e298259dc729,2.13.0+cu126,12.6,0.39.0,NVIDIA GeForce RTX 4060 Laptop GPU,float16,DPMSolverMultistepScheduler,P1-poster,9c67354e368ec9b9f6e28c25781f08ad6c816ef91f74c3b969ea4591b4c24722,322eba37a8cc00f3465f0420c556f351054c86b0fe77297c0e50f65cb6b7b494,R1,515d83fc703f6bec6467aef6ae43b8d8fb7ad283aa65cc9af134dafddec3ef6c,native size 690x1024; CLIP processor resize + centre-crop 224,1.0,weak,scale,0.25,30,1337,512,512,30,7.5,0,ip-adapter@512x512@tier0,True,False,pipeline default,21.703,3.456,3924.07,4582.0,5695.5,2027.79,16b4b7b8c6280ccb01f9a3170f59c0b2b02a03d8e1a0be5fc3830bc6dd2a4722,ok,,,outputs/EXP-009/EXP-009__ip-adapter__C1__R1__weak__s0p25__512x512__seed1337__tier0.png
EXP-009,C1,ip-adapter,2026-08-01T00:45:04+00:00,stable-diffusion-v1-5/stable-diffusion-v1-5,451f4fe16113bff5a5d2269ed5ad43b0592e9a14,h94/IP-Adapter,018e402774aeeddd60609b4ecdb7e298259dc729,018e402774aeeddd60609b4ecdb7e298259dc729,2.13.0+cu126,12.6,0.39.0,NVIDIA GeForce RTX 4060 Laptop GPU,float16,DPMSolverMultistepScheduler,P1-poster,9c67354e368ec9b9f6e28c25781f08ad6c816ef91f74c3b969ea4591b4c24722,322eba37a8cc00f3465f0420c556f351054c86b0fe77297c0e50f65cb6b7b494,R1,515d83fc703f6bec6467aef6ae43b8d8fb7ad283aa65cc9af134dafddec3ef6c,native size 690x1024; CLIP processor resize + centre-crop 224,1.0,weak,scale,0.25,30,2026,512,512,30,7.5,0,ip-adapter@512x512@tier0,True,False,pipeline default,21.703,3.404,3924.07,4582.0,5695.5,2027.8,f4b04ed337a8783889f3226030ce589e9586db99ad9aec5a32d6a7e1a3e1e6b7,ok,,,outputs/EXP-009/EXP-009__ip-adapter__C1__R1__weak__s0p25__512x512__seed2026__tier0.png
EXP-009,C2,ip-adapter,2026-08-01T00:45:08+00:00,stable-diffusion-v1-5/stable-diffusion-v1-5,451f4fe16113bff5a5d2269ed5ad43b0592e9a14,h94/IP-Adapter,018e402774aeeddd60609b4ecdb7e298259dc729,018e402774aeeddd60609b4ecdb7e298259dc729,2.13.0+cu126,12.6,0.39.0,NVIDIA GeForce RTX 4060 Laptop GPU,float16,DPMSolverMultistepScheduler,P2-geo,85ea0319cf2a6b0219702873d88f21092ac7334553e56c13c7603daec34b4660,322eba37a8cc00f3465f0420c556f351054c86b0fe77297c0e50f65cb6b7b494,R2,af49e3fb28a0582b9b651253dbdcb6b05822015e1936a4042fa6c041409d6c50,long side bounded 512x1536 -> 341x1024 (LANCZOS); CLIP processor resize + centre-crop 224,1.0,weak,scale,0.25,30,42,512,512,30,7.5,0,ip-adapter@512x512@tier0,True,False,pipeline default,21.703,3.42,3924.07,4582.0,5695.5,2027.82,c825fe1dff46723090450cc41fb63a535506655061e6ad9adb3222f58a4bbc29,ok,,,outputs/EXP-009/EXP-009__ip-adapter__C2__R2__weak__s0p25__512x512__seed42__tier0.png
EXP-009,C2,ip-adapter,2026-08-01T00:45:11+00:00,stable-diffusion-v1-5/stable-diffusion-v1-5,451f4fe16113bff5a5d2269ed5ad43b0592e9a14,h94/IP-Adapter,018e402774aeeddd60609b4ecdb7e298259dc729,018e402774aeeddd60609b4ecdb7e298259dc729,2.13.0+cu126,12.6,0.39.0,NVIDIA GeForce RTX 4060 Laptop GPU,float16,DPMSolverMultistepScheduler,P2-geo,85ea0319cf2a6b0219702873d88f21092ac7334553e56c13c7603daec34b4660,322eba37a8cc00f3465f0420c556f351054c86b0fe77297c0e50f65cb6b7b494,R2,af49e3fb28a0582b9b651253dbdcb6b05822015e1936a4042fa6c041409d6c50,long side bounded 512x1536 -> 341x1024 (LANCZOS); CLIP processor resize + centre-crop 224,1.0,weak,scale,0.25,30,1337,512,512,30,7.5,0,ip-adapter@512x512@tier0,True,False,pipeline default,21.703,3.418,3924.07,4582.0,5695.5,2027.83,aa658acb1230a1b40261354fca03f537e028ef263d22b167521536edd3079d2a,ok,,,outputs/EXP-009/EXP-009__ip-adapter__C2__R2__weak__s0p25__512x512__seed1337__tier0.png
EXP-009,C2,ip-adapter,2026-08-01T00:45:14+00:00,stable-diffusion-v1-5/stable-diffusion-v1-5,451f4fe16113bff5a5d2269ed5ad43b0592e9a14,h94/IP-Adapter,018e402774aeeddd60609b4ecdb7e298259dc729,018e402774aeeddd60609b4ecdb7e298259dc729,2.13.0+cu126,12.6,0.39.0,NVIDIA GeForce RTX 4060 Laptop GPU,float16,DPMSolverMultistepScheduler,P2-geo,85ea0319cf2a6b0219702873d88f21092ac7334553e56c13c7603daec34b4660,322eba37a8cc00f3465f0420c556f351054c86b0fe77297c0e50f65cb6b7b494,R2,af49e3fb28a0582b9b651253dbdcb6b05822015e1936a4042fa6c041409d6c50,long side bounded 512x1536 -> 341x1024 (LANCZOS); CLIP processor resize + centre-crop 224,1.0,weak,scale,0.25,30,2026,512,512,30,7.5,0,ip-adapter@512x512@tier0,True,False,pipeline default,21.703,3.348,3924.07,4582.0,5695.5,2027.89,5b32436e6213c1522f3cd8778ffb5ccacd972954e330cb70b31fd30b0621b021,ok,,,outputs/EXP-009/EXP-009__ip-adapter__C2__R2__weak__s0p25__512x512__seed2026__tier0.png
EXP-009,C3,ip-adapter,2026-08-01T00:45:18+00:00,stable-diffusion-v1-5/stable-diffusion-v1-5,451f4fe16113bff5a5d2269ed5ad43b0592e9a14,h94/IP-Adapter,018e402774aeeddd60609b4ecdb7e298259dc729,018e402774aeeddd60609b4ecdb7e298259dc729,2.13.0+cu126,12.6,0.39.0,NVIDIA GeForce RTX 4060 Laptop GPU,float16,DPMSolverMultistepScheduler,P3-ukiyo,9c8648d75ada09e507fe921445f19ba7a2bce1905c95cf28f8f8be00fa577a96,322eba37a8cc00f3465f0420c556f351054c86b0fe77297c0e50f65cb6b7b494,R3,cfbc213f291a0408e2cc51d051929d3a09abd100fc3c1b451b640ab7da2f83ec,long side bounded 4000x2980 -> 1024x763 (LANCZOS); CLIP processor resize + centre-crop 224,1.0,weak,scale,0.25,30,42,512,512,30,7.5,0,ip-adapter@512x512@tier0,True,False,pipeline default,21.703,3.36,3924.07,4582.0,5695.5,2027.96,ac41b1895dd993c598ffdb9990d3a827a289e44ef2b132e265a39c85f9be753f,ok,,,outputs/EXP-009/EXP-009__ip-adapter__C3__R3__weak__s0p25__512x512__seed42__tier0.png
EXP-009,C3,ip-adapter,2026-08-01T00:45:21+00:00,stable-diffusion-v1-5/stable-diffusion-v1-5,451f4fe16113bff5a5d2269ed5ad43b0592e9a14,h94/IP-Adapter,018e402774aeeddd60609b4ecdb7e298259dc729,018e402774aeeddd60609b4ecdb7e298259dc729,2.13.0+cu126,12.6,0.39.0,NVIDIA GeForce RTX 4060 Laptop GPU,float16,DPMSolverMultistepScheduler,P3-ukiyo,9c8648d75ada09e507fe921445f19ba7a2bce1905c95cf28f8f8be00fa577a96,322eba37a8cc00f3465f0420c556f351054c86b0fe77297c0e50f65cb6b7b494,R3,cfbc213f291a0408e2cc51d051929d3a09abd100fc3c1b451b640ab7da2f83ec,long side bounded 4000x2980 -> 1024x763 (LANCZOS); CLIP processor resize + centre-crop 224,1.0,weak,scale,0.25,30,1337,512,512,30,7.5,0,ip-adapter@512x512@tier0,True,False,pipeline default,21.703,3.341,3924.07,4582.0,5695.5,2027.99,c9338cf8bc040b81bf6e0c047a30157e9512a5d6000310af7d3fc717f6a59c7e,ok,,,outputs/EXP-009/EXP-009__ip-adapter__C3__R3__weak__s0p25__512x512__seed1337__tier0.png
EXP-009,C3,ip-adapter,2026-08-01T00:45:25+00:00,stable-diffusion-v1-5/stable-diffusion-v1-5,451f4fe16113bff5a5d2269ed5ad43b0592e9a14,h94/IP-Adapter,018e402774aeeddd60609b4ecdb7e298259dc729,018e402774aeeddd60609b4ecdb7e298259dc729,2.13.0+cu126,12.6,0.39.0,NVIDIA GeForce RTX 4060 Laptop GPU,float16,DPMSolverMultistepScheduler,P3-ukiyo,9c8648d75ada09e507fe921445f19ba7a2bce1905c95cf28f8f8be00fa577a96,322eba37a8cc00f3465f0420c556f351054c86b0fe77297c0e50f65cb6b7b494,R3,cfbc213f291a0408e2cc51d051929d3a09abd100fc3c1b451b640ab7da2f83ec,long side bounded 4000x2980 -> 1024x763 (LANCZOS); CLIP processor resize + centre-crop 224,1.0,weak,scale,0.25,30,2026,512,512,30,7.5,0,ip-adapter@512x512@tier0,True,False,pipeline default,21.703,3.33,3924.07,4582.0,5695.5,2028.04,bf60ab183517f7333fd5ee06b85b6094bdefa2d6e909e5959825580ca3299859,ok,,,outputs/EXP-009/EXP-009__ip-adapter__C3__R3__weak__s0p25__512x512__seed2026__tier0.png
EXP-009,C4,ip-adapter,2026-08-01T00:45:28+00:00,stable-diffusion-v1-5/stable-diffusion-v1-5,451f4fe16113bff5a5d2269ed5ad43b0592e9a14,h94/IP-Adapter,018e402774aeeddd60609b4ecdb7e298259dc729,018e402774aeeddd60609b4ecdb7e298259dc729,2.13.0+cu126,12.6,0.39.0,NVIDIA GeForce RTX 4060 Laptop GPU,float16,DPMSolverMultistepScheduler,P4-deck,bfd72ef751983f8a267f571a92badb946d8eb238b3cdc44f547d63b5a30bc19c,322eba37a8cc00f3465f0420c556f351054c86b0fe77297c0e50f65cb6b7b494,R4,45475315cf149fc37e17301190d8a87c72640a8e9d466534ea226413a51741d0,long side bounded 512x1536 -> 341x1024 (LANCZOS); CLIP processor resize + centre-crop 224,1.0,weak,scale,0.25,30,42,512,512,30,7.5,0,ip-adapter@512x512@tier0,True,False,pipeline default,21.703,3.341,3924.07,4582.0,5695.5,2028.05,25ee94e776b550664e59232f35d940b4a88024492878faa9d61cebe0c726e545,ok,,,outputs/EXP-009/EXP-009__ip-adapter__C4__R4__weak__s0p25__512x512__seed42__tier0.png
EXP-009,C4,ip-adapter,2026-08-01T00:45:32+00:00,stable-diffusion-v1-5/stable-diffusion-v1-5,451f4fe16113bff5a5d2269ed5ad43b0592e9a14,h94/IP-Adapter,018e402774aeeddd60609b4ecdb7e298259dc729,018e402774aeeddd60609b4ecdb7e298259dc729,2.13.0+cu126,12.6,0.39.0,NVIDIA GeForce RTX 4060 Laptop GPU,float16,DPMSolverMultistepScheduler,P4-deck,bfd72ef751983f8a267f571a92badb946d8eb238b3cdc44f547d63b5a30bc19c,322eba37a8cc00f3465f0420c556f351054c86b0fe77297c0e50f65cb6b7b494,R4,45475315cf149fc37e17301190d8a87c72640a8e9d466534ea226413a51741d0,long side bounded 512x1536 -> 341x1024 (LANCZOS); CLIP processor resize + centre-crop 224,1.0,weak,scale,0.25,30,1337,512,512,30,7.5,0,ip-adapter@512x512@tier0,True,False,pipeline default,21.703,3.328,3924.07,4582.0,5695.5,2028.04,1069d6bbb7603d583eb5827a68e725bedc0be2f389a869c0d2a5d221ffd1e806,ok,,,outputs/EXP-009/EXP-009__ip-adapter__C4__R4__weak__s0p25__512x512__seed1337__tier0.png
EXP-009,C4,ip-adapter,2026-08-01T00:45:35+00:00,stable-diffusion-v1-5/stable-diffusion-v1-5,451f4fe16113bff5a5d2269ed5ad43b0592e9a14,h94/IP-Adapter,018e402774aeeddd60609b4ecdb7e298259dc729,018e402774aeeddd60609b4ecdb7e298259dc729,2.13.0+cu126,12.6,0.39.0,NVIDIA GeForce RTX 4060 Laptop GPU,float16,DPMSolverMultistepScheduler,P4-deck,bfd72ef751983f8a267f571a92badb946d8eb238b3cdc44f547d63b5a30bc19c,322eba37a8cc00f3465f0420c556f351054c86b0fe77297c0e50f65cb6b7b494,R4,45475315cf149fc37e17301190d8a87c72640a8e9d466534ea226413a51741d0,long side bounded 512x1536 -> 341x1024 (LANCZOS); CLIP processor resize + centre-crop 224,1.0,weak,scale,0.25,30,2026,512,512,30,7.5,0,ip-adapter@512x512@tier0,True,False,pipeline default,21.703,3.328,3924.07,4582.0,5695.5,2028.05,152bb79ac5d4465c484012a0b0e23919a4e4123e2ca268aa0c72a450b1dc6e97,ok,,,outputs/EXP-009/EXP-009__ip-adapter__C4__R4__weak__s0p25__512x512__seed2026__tier0.png
EXP-009,C1,ip-adapter,2026-08-01T00:45:38+00:00,stable-diffusion-v1-5/stable-diffusion-v1-5,451f4fe16113bff5a5d2269ed5ad43b0592e9a14,h94/IP-Adapter,018e402774aeeddd60609b4ecdb7e298259dc729,018e402774aeeddd60609b4ecdb7e298259dc729,2.13.0+cu126,12.6,0.39.0,NVIDIA GeForce RTX 4060 Laptop GPU,float16,DPMSolverMultistepScheduler,P1-poster,9c67354e368ec9b9f6e28c25781f08ad6c816ef91f74c3b969ea4591b4c24722,322eba37a8cc00f3465f0420c556f351054c86b0fe77297c0e50f65cb6b7b494,R1,515d83fc703f6bec6467aef6ae43b8d8fb7ad283aa65cc9af134dafddec3ef6c,native size 690x1024; CLIP processor resize + centre-crop 224,1.0,medium,scale,0.55,30,42,512,512,30,7.5,0,ip-adapter@512x512@tier0,True,False,pipeline default,21.703,3.344,3924.07,4582.0,5695.5,2028.05,7fb17cb1b571966a1ac007d1ca9572c0655d3c3f3b13a96def93b2c5d6042721,ok,,,outputs/EXP-009/EXP-009__ip-adapter__C1__R1__medium__s0p55__512x512__seed42__tier0.png
EXP-009,C1,ip-adapter,2026-08-01T00:45:42+00:00,stable-diffusion-v1-5/stable-diffusion-v1-5,451f4fe16113bff5a5d2269ed5ad43b0592e9a14,h94/IP-Adapter,018e402774aeeddd60609b4ecdb7e298259dc729,018e402774aeeddd60609b4ecdb7e298259dc729,2.13.0+cu126,12.6,0.39.0,NVIDIA GeForce RTX 4060 Laptop GPU,float16,DPMSolverMultistepScheduler,P1-poster,9c67354e368ec9b9f6e28c25781f08ad6c816ef91f74c3b969ea4591b4c24722,322eba37a8cc00f3465f0420c556f351054c86b0fe77297c0e50f65cb6b7b494,R1,515d83fc703f6bec6467aef6ae43b8d8fb7ad283aa65cc9af134dafddec3ef6c,native size 690x1024; CLIP processor resize + centre-crop 224,1.0,medium,scale,0.55,30,1337,512,512,30,7.5,0,ip-adapter@512x512@tier0,True,False,pipeline default,21.703,3.352,3924.07,4582.0,5695.5,2028.39,9178364a4bfd8f71ff5b704db75fb46228167e26e5787bcb5c73f5e629a7ab9d,ok,,,outputs/EXP-009/EXP-009__ip-adapter__C1__R1__medium__s0p55__512x512__seed1337__tier0.png
EXP-009,C1,ip-adapter,2026-08-01T00:45:45+00:00,stable-diffusion-v1-5/stable-diffusion-v1-5,451f4fe16113bff5a5d2269ed5ad43b0592e9a14,h94/IP-Adapter,018e402774aeeddd60609b4ecdb7e298259dc729,018e402774aeeddd60609b4ecdb7e298259dc729,2.13.0+cu126,12.6,0.39.0,NVIDIA GeForce RTX 4060 Laptop GPU,float16,DPMSolverMultistepScheduler,P1-poster,9c67354e368ec9b9f6e28c25781f08ad6c816ef91f74c3b969ea4591b4c24722,322eba37a8cc00f3465f0420c556f351054c86b0fe77297c0e50f65cb6b7b494,R1,515d83fc703f6bec6467aef6ae43b8d8fb7ad283aa65cc9af134dafddec3ef6c,native size 690x1024; CLIP processor resize + centre-crop 224,1.0,medium,scale,0.55,30,2026,512,512,30,7.5,0,ip-adapter@512x512@tier0,True,False,pipeline default,21.703,3.341,3924.07,4582.0,5695.5,2028.4,75c21f49e2b12416c03e66c84576e31d0b7b3607eff45fc3b1e58f556d06ee79,ok,,,outputs/EXP-009/EXP-009__ip-adapter__C1__R1__medium__s0p55__512x512__seed2026__tier0.png
EXP-009,C2,ip-adapter,2026-08-01T00:45:49+00:00,stable-diffusion-v1-5/stable-diffusion-v1-5,451f4fe16113bff5a5d2269ed5ad43b0592e9a14,h94/IP-Adapter,018e402774aeeddd60609b4ecdb7e298259dc729,018e402774aeeddd60609b4ecdb7e298259dc729,2.13.0+cu126,12.6,0.39.0,NVIDIA GeForce RTX 4060 Laptop GPU,float16,DPMSolverMultistepScheduler,P2-geo,85ea0319cf2a6b0219702873d88f21092ac7334553e56c13c7603daec34b4660,322eba37a8cc00f3465f0420c556f351054c86b0fe77297c0e50f65cb6b7b494,R2,af49e3fb28a0582b9b651253dbdcb6b05822015e1936a4042fa6c041409d6c50,long side bounded 512x1536 -> 341x1024 (LANCZOS); CLIP processor resize + centre-crop 224,1.0,medium,scale,0.55,30,42,512,512,30,7.5,0,ip-adapter@512x512@tier0,True,False,pipeline default,21.703,3.358,3924.07,4582.0,5695.5,2028.4,32c0ab330663ad54bc3d316086402213db780c4ce321437cf6b372038dcf98be,ok,,,outputs/EXP-009/EXP-009__ip-adapter__C2__R2__medium__s0p55__512x512__seed42__tier0.png
EXP-009,C2,ip-adapter,2026-08-01T00:45:52+00:00,stable-diffusion-v1-5/stable-diffusion-v1-5,451f4fe16113bff5a5d2269ed5ad43b0592e9a14,h94/IP-Adapter,018e402774aeeddd60609b4ecdb7e298259dc729,018e402774aeeddd60609b4ecdb7e298259dc729,2.13.0+cu126,12.6,0.39.0,NVIDIA GeForce RTX 4060 Laptop GPU,float16,DPMSolverMultistepScheduler,P2-geo,85ea0319cf2a6b0219702873d88f21092ac7334553e56c13c7603daec34b4660,322eba37a8cc00f3465f0420c556f351054c86b0fe77297c0e50f65cb6b7b494,R2,af49e3fb28a0582b9b651253dbdcb6b05822015e1936a4042fa6c041409d6c50,long side bounded 512x1536 -> 341x1024 (LANCZOS); CLIP processor resize + centre-crop 224,1.0,medium,scale,0.55,30,1337,512,512,30,7.5,0,ip-adapter@512x512@tier0,True,False,pipeline default,21.703,3.328,3924.07,4582.0,5695.5,2028.46,7d8812dae4cf3e3d9458a43e50b9fa2247758f324b3b473a65536894021cf587,ok,,,outputs/EXP-009/EXP-009__ip-adapter__C2__R2__medium__s0p55__512x512__seed1337__tier0.png
EXP-009,C2,ip-adapter,2026-08-01T00:45:55+00:00,stable-diffusion-v1-5/stable-diffusion-v1-5,451f4fe16113bff5a5d2269ed5ad43b0592e9a14,h94/IP-Adapter,018e402774aeeddd60609b4ecdb7e298259dc729,018e402774aeeddd60609b4ecdb7e298259dc729,2.13.0+cu126,12.6,0.39.0,NVIDIA GeForce RTX 4060 Laptop GPU,float16,DPMSolverMultistepScheduler,P2-geo,85ea0319cf2a6b0219702873d88f21092ac7334553e56c13c7603daec34b4660,322eba37a8cc00f3465f0420c556f351054c86b0fe77297c0e50f65cb6b7b494,R2,af49e3fb28a0582b9b651253dbdcb6b05822015e1936a4042fa6c041409d6c50,long side bounded 512x1536 -> 341x1024 (LANCZOS); CLIP processor resize + centre-crop 224,1.0,medium,scale,0.55,30,2026,512,512,30,7.5,0,ip-adapter@512x512@tier0,True,False,pipeline default,21.703,3.339,3924.07,4582.0,5695.5,2028.46,db768e2bf70d8e19070adb632d6849fec3c1da9dbc2d899b7b17427c0464260c,ok,,,outputs/EXP-009/EXP-009__ip-adapter__C2__R2__medium__s0p55__512x512__seed2026__tier0.png
EXP-009,C3,ip-adapter,2026-08-01T00:45:59+00:00,stable-diffusion-v1-5/stable-diffusion-v1-5,451f4fe16113bff5a5d2269ed5ad43b0592e9a14,h94/IP-Adapter,018e402774aeeddd60609b4ecdb7e298259dc729,018e402774aeeddd60609b4ecdb7e298259dc729,2.13.0+cu126,12.6,0.39.0,NVIDIA GeForce RTX 4060 Laptop GPU,float16,DPMSolverMultistepScheduler,P3-ukiyo,9c8648d75ada09e507fe921445f19ba7a2bce1905c95cf28f8f8be00fa577a96,322eba37a8cc00f3465f0420c556f351054c86b0fe77297c0e50f65cb6b7b494,R3,cfbc213f291a0408e2cc51d051929d3a09abd100fc3c1b451b640ab7da2f83ec,long side bounded 4000x2980 -> 1024x763 (LANCZOS); CLIP processor resize + centre-crop 224,1.0,medium,scale,0.55,30,42,512,512,30,7.5,0,ip-adapter@512x512@tier0,True,False,pipeline default,21.703,3.328,3924.07,4582.0,5695.5,2028.47,eb94b0130ccacce204cae394b124fb0d33308d393c003710984e753f7ad56218,ok,,,outputs/EXP-009/EXP-009__ip-adapter__C3__R3__medium__s0p55__512x512__seed42__tier0.png
EXP-009,C3,ip-adapter,2026-08-01T00:46:02+00:00,stable-diffusion-v1-5/stable-diffusion-v1-5,451f4fe16113bff5a5d2269ed5ad43b0592e9a14,h94/IP-Adapter,018e402774aeeddd60609b4ecdb7e298259dc729,018e402774aeeddd60609b4ecdb7e298259dc729,2.13.0+cu126,12.6,0.39.0,NVIDIA GeForce RTX 4060 Laptop GPU,float16,DPMSolverMultistepScheduler,P3-ukiyo,9c8648d75ada09e507fe921445f19ba7a2bce1905c95cf28f8f8be00fa577a96,322eba37a8cc00f3465f0420c556f351054c86b0fe77297c0e50f65cb6b7b494,R3,cfbc213f291a0408e2cc51d051929d3a09abd100fc3c1b451b640ab7da2f83ec,long side bounded 4000x2980 -> 1024x763 (LANCZOS); CLIP processor resize + centre-crop 224,1.0,medium,scale,0.55,30,1337,512,512,30,7.5,0,ip-adapter@512x512@tier0,True,False,pipeline default,21.703,3.327,3924.07,4582.0,5695.5,2028.48,8ec3be3ad80c5a092c85d968f3778177017a5e04693c4497eff6ab202a883c4d,ok,,,outputs/EXP-009/EXP-009__ip-adapter__C3__R3__medium__s0p55__512x512__seed1337__tier0.png
EXP-009,C3,ip-adapter,2026-08-01T00:46:06+00:00,stable-diffusion-v1-5/stable-diffusion-v1-5,451f4fe16113bff5a5d2269ed5ad43b0592e9a14,h94/IP-Adapter,018e402774aeeddd60609b4ecdb7e298259dc729,018e402774aeeddd60609b4ecdb7e298259dc729,2.13.0+cu126,12.6,0.39.0,NVIDIA GeForce RTX 4060 Laptop GPU,float16,DPMSolverMultistepScheduler,P3-ukiyo,9c8648d75ada09e507fe921445f19ba7a2bce1905c95cf28f8f8be00fa577a96,322eba37a8cc00f3465f0420c556f351054c86b0fe77297c0e50f65cb6b7b494,R3,cfbc213f291a0408e2cc51d051929d3a09abd100fc3c1b451b640ab7da2f83ec,long side bounded 4000x2980 -> 1024x763 (LANCZOS); CLIP processor resize + centre-crop 224,1.0,medium,scale,0.55,30,2026,512,512,30,7.5,0,ip-adapter@512x512@tier0,True,False,pipeline default,21.703,3.35,3924.07,4582.0,5695.5,2028.48,775dcea957ebbd78bf272d6b0405e6b48e57ba0f2def0351c8f3aeca4a12d9d4,ok,,,outputs/EXP-009/EXP-009__ip-adapter__C3__R3__medium__s0p55__512x512__seed2026__tier0.png
EXP-009,C4,ip-adapter,2026-08-01T00:46:09+00:00,stable-diffusion-v1-5/stable-diffusion-v1-5,451f4fe16113bff5a5d2269ed5ad43b0592e9a14,h94/IP-Adapter,018e402774aeeddd60609b4ecdb7e298259dc729,018e402774aeeddd60609b4ecdb7e298259dc729,2.13.0+cu126,12.6,0.39.0,NVIDIA GeForce RTX 4060 Laptop GPU,float16,DPMSolverMultistepScheduler,P4-deck,bfd72ef751983f8a267f571a92badb946d8eb238b3cdc44f547d63b5a30bc19c,322eba37a8cc00f3465f0420c556f351054c86b0fe77297c0e50f65cb6b7b494,R4,45475315cf149fc37e17301190d8a87c72640a8e9d466534ea226413a51741d0,long side bounded 512x1536 -> 341x1024 (LANCZOS); CLIP processor resize + centre-crop 224,1.0,medium,scale,0.55,30,42,512,512,30,7.5,0,ip-adapter@512x512@tier0,True,False,pipeline default,21.703,3.337,3924.07,4582.0,5695.5,2028.48,dbc1acb64b51852feabe56cf7524d13d51b5d21e64ccebed3b6985dea595c62c,ok,,,outputs/EXP-009/EXP-009__ip-adapter__C4__R4__medium__s0p55__512x512__seed42__tier0.png
EXP-009,C4,ip-adapter,2026-08-01T00:46:12+00:00,stable-diffusion-v1-5/stable-diffusion-v1-5,451f4fe16113bff5a5d2269ed5ad43b0592e9a14,h94/IP-Adapter,018e402774aeeddd60609b4ecdb7e298259dc729,018e402774aeeddd60609b4ecdb7e298259dc729,2.13.0+cu126,12.6,0.39.0,NVIDIA GeForce RTX 4060 Laptop GPU,float16,DPMSolverMultistepScheduler,P4-deck,bfd72ef751983f8a267f571a92badb946d8eb238b3cdc44f547d63b5a30bc19c,322eba37a8cc00f3465f0420c556f351054c86b0fe77297c0e50f65cb6b7b494,R4,45475315cf149fc37e17301190d8a87c72640a8e9d466534ea226413a51741d0,long side bounded 512x1536 -> 341x1024 (LANCZOS); CLIP processor resize + centre-crop 224,1.0,medium,scale,0.55,30,1337,512,512,30,7.5,0,ip-adapter@512x512@tier0,True,False,pipeline default,21.703,3.322,3924.07,4582.0,5695.5,2028.51,9db129f43f20b27c7751d55658825fac2734a2748752e72e83ce8efd19753e96,ok,,,outputs/EXP-009/EXP-009__ip-adapter__C4__R4__medium__s0p55__512x512__seed1337__tier0.png
EXP-009,C4,ip-adapter,2026-08-01T00:46:16+00:00,stable-diffusion-v1-5/stable-diffusion-v1-5,451f4fe16113bff5a5d2269ed5ad43b0592e9a14,h94/IP-Adapter,018e402774aeeddd60609b4ecdb7e298259dc729,018e402774aeeddd60609b4ecdb7e298259dc729,2.13.0+cu126,12.6,0.39.0,NVIDIA GeForce RTX 4060 Laptop GPU,float16,DPMSolverMultistepScheduler,P4-deck,bfd72ef751983f8a267f571a92badb946d8eb238b3cdc44f547d63b5a30bc19c,322eba37a8cc00f3465f0420c556f351054c86b0fe77297c0e50f65cb6b7b494,R4,45475315cf149fc37e17301190d8a87c72640a8e9d466534ea226413a51741d0,long side bounded 512x1536 -> 341x1024 (LANCZOS); CLIP processor resize + centre-crop 224,1.0,medium,scale,0.55,30,2026,512,512,30,7.5,0,ip-adapter@512x512@tier0,True,False,pipeline default,21.703,3.334,3924.07,4582.0,5695.5,2028.5,6a8f595a558346c10d416ca6776594d4c2f20f8defce12a6b37af4dc450ae6cc,ok,,,outputs/EXP-009/EXP-009__ip-adapter__C4__R4__medium__s0p55__512x512__seed2026__tier0.png
EXP-009,C1,ip-adapter,2026-08-01T00:46:19+00:00,stable-diffusion-v1-5/stable-diffusion-v1-5,451f4fe16113bff5a5d2269ed5ad43b0592e9a14,h94/IP-Adapter,018e402774aeeddd60609b4ecdb7e298259dc729,018e402774aeeddd60609b4ecdb7e298259dc729,2.13.0+cu126,12.6,0.39.0,NVIDIA GeForce RTX 4060 Laptop GPU,float16,DPMSolverMultistepScheduler,P1-poster,9c67354e368ec9b9f6e28c25781f08ad6c816ef91f74c3b969ea4591b4c24722,322eba37a8cc00f3465f0420c556f351054c86b0fe77297c0e50f65cb6b7b494,R1,515d83fc703f6bec6467aef6ae43b8d8fb7ad283aa65cc9af134dafddec3ef6c,native size 690x1024; CLIP processor resize + centre-crop 224,1.0,strong,scale,0.85,30,42,512,512,30,7.5,0,ip-adapter@512x512@tier0,True,False,pipeline default,21.703,3.349,3924.07,4582.0,5695.5,2028.5,1762bdce97b3adc7294ff8c25c73b687432b9f8028e0785b6f5c73f79a033bd4,ok,,,outputs/EXP-009/EXP-009__ip-adapter__C1__R1__strong__s0p85__512x512__seed42__tier0.png
EXP-009,C1,ip-adapter,2026-08-01T00:46:23+00:00,stable-diffusion-v1-5/stable-diffusion-v1-5,451f4fe16113bff5a5d2269ed5ad43b0592e9a14,h94/IP-Adapter,018e402774aeeddd60609b4ecdb7e298259dc729,018e402774aeeddd60609b4ecdb7e298259dc729,2.13.0+cu126,12.6,0.39.0,NVIDIA GeForce RTX 4060 Laptop GPU,float16,DPMSolverMultistepScheduler,P1-poster,9c67354e368ec9b9f6e28c25781f08ad6c816ef91f74c3b969ea4591b4c24722,322eba37a8cc00f3465f0420c556f351054c86b0fe77297c0e50f65cb6b7b494,R1,515d83fc703f6bec6467aef6ae43b8d8fb7ad283aa65cc9af134dafddec3ef6c,native size 690x1024; CLIP processor resize + centre-crop 224,1.0,strong,scale,0.85,30,1337,512,512,30,7.5,0,ip-adapter@512x512@tier0,True,False,pipeline default,21.703,3.347,3924.07,4582.0,5695.5,2028.55,bc0449dcbc28aa079ad2ccc44b0d78e0477df8e56e59d53af367eb72e3a29e0a,ok,,,outputs/EXP-009/EXP-009__ip-adapter__C1__R1__strong__s0p85__512x512__seed1337__tier0.png
EXP-009,C1,ip-adapter,2026-08-01T00:46:26+00:00,stable-diffusion-v1-5/stable-diffusion-v1-5,451f4fe16113bff5a5d2269ed5ad43b0592e9a14,h94/IP-Adapter,018e402774aeeddd60609b4ecdb7e298259dc729,018e402774aeeddd60609b4ecdb7e298259dc729,2.13.0+cu126,12.6,0.39.0,NVIDIA GeForce RTX 4060 Laptop GPU,float16,DPMSolverMultistepScheduler,P1-poster,9c67354e368ec9b9f6e28c25781f08ad6c816ef91f74c3b969ea4591b4c24722,322eba37a8cc00f3465f0420c556f351054c86b0fe77297c0e50f65cb6b7b494,R1,515d83fc703f6bec6467aef6ae43b8d8fb7ad283aa65cc9af134dafddec3ef6c,native size 690x1024; CLIP processor resize + centre-crop 224,1.0,strong,scale,0.85,30,2026,512,512,30,7.5,0,ip-adapter@512x512@tier0,True,False,pipeline default,21.703,3.329,3924.07,4582.0,5695.5,2028.57,1d6cb64b9568a39b50013193196566a0343f82a3350938283778a5340e746c56,ok,,,outputs/EXP-009/EXP-009__ip-adapter__C1__R1__strong__s0p85__512x512__seed2026__tier0.png
EXP-009,C2,ip-adapter,2026-08-01T00:46:29+00:00,stable-diffusion-v1-5/stable-diffusion-v1-5,451f4fe16113bff5a5d2269ed5ad43b0592e9a14,h94/IP-Adapter,018e402774aeeddd60609b4ecdb7e298259dc729,018e402774aeeddd60609b4ecdb7e298259dc729,2.13.0+cu126,12.6,0.39.0,NVIDIA GeForce RTX 4060 Laptop GPU,float16,DPMSolverMultistepScheduler,P2-geo,85ea0319cf2a6b0219702873d88f21092ac7334553e56c13c7603daec34b4660,322eba37a8cc00f3465f0420c556f351054c86b0fe77297c0e50f65cb6b7b494,R2,af49e3fb28a0582b9b651253dbdcb6b05822015e1936a4042fa6c041409d6c50,long side bounded 512x1536 -> 341x1024 (LANCZOS); CLIP processor resize + centre-crop 224,1.0,strong,scale,0.85,30,42,512,512,30,7.5,0,ip-adapter@512x512@tier0,True,False,pipeline default,21.703,3.327,3924.07,4582.0,5695.5,2028.57,34bec279c7ce6872f6221aec5ca2916b6dcc1c9874a32c6b0ab920a865fb40d5,ok,,,outputs/EXP-009/EXP-009__ip-adapter__C2__R2__strong__s0p85__512x512__seed42__tier0.png
EXP-009,C2,ip-adapter,2026-08-01T00:46:33+00:00,stable-diffusion-v1-5/stable-diffusion-v1-5,451f4fe16113bff5a5d2269ed5ad43b0592e9a14,h94/IP-Adapter,018e402774aeeddd60609b4ecdb7e298259dc729,018e402774aeeddd60609b4ecdb7e298259dc729,2.13.0+cu126,12.6,0.39.0,NVIDIA GeForce RTX 4060 Laptop GPU,float16,DPMSolverMultistepScheduler,P2-geo,85ea0319cf2a6b0219702873d88f21092ac7334553e56c13c7603daec34b4660,322eba37a8cc00f3465f0420c556f351054c86b0fe77297c0e50f65cb6b7b494,R2,af49e3fb28a0582b9b651253dbdcb6b05822015e1936a4042fa6c041409d6c50,long side bounded 512x1536 -> 341x1024 (LANCZOS); CLIP processor resize + centre-crop 224,1.0,strong,scale,0.85,30,1337,512,512,30,7.5,0,ip-adapter@512x512@tier0,True,False,pipeline default,21.703,3.353,3924.07,4582.0,5695.5,2028.59,7c91d02d56bcda1c7fbd085413693a3b31ab8a00bc44a19b3530f833d645e210,ok,,,outputs/EXP-009/EXP-009__ip-adapter__C2__R2__strong__s0p85__512x512__seed1337__tier0.png
EXP-009,C2,ip-adapter,2026-08-01T00:46:36+00:00,stable-diffusion-v1-5/stable-diffusion-v1-5,451f4fe16113bff5a5d2269ed5ad43b0592e9a14,h94/IP-Adapter,018e402774aeeddd60609b4ecdb7e298259dc729,018e402774aeeddd60609b4ecdb7e298259dc729,2.13.0+cu126,12.6,0.39.0,NVIDIA GeForce RTX 4060 Laptop GPU,float16,DPMSolverMultistepScheduler,P2-geo,85ea0319cf2a6b0219702873d88f21092ac7334553e56c13c7603daec34b4660,322eba37a8cc00f3465f0420c556f351054c86b0fe77297c0e50f65cb6b7b494,R2,af49e3fb28a0582b9b651253dbdcb6b05822015e1936a4042fa6c041409d6c50,long side bounded 512x1536 -> 341x1024 (LANCZOS); CLIP processor resize + centre-crop 224,1.0,strong,scale,0.85,30,2026,512,512,30,7.5,0,ip-adapter@512x512@tier0,True,False,pipeline default,21.703,3.327,3924.07,4582.0,5695.5,2028.59,b65da51f395ee9e04fce3c0e349a23bf276bbbc8791cf608c9e4e117e0294d4d,ok,,,outputs/EXP-009/EXP-009__ip-adapter__C2__R2__strong__s0p85__512x512__seed2026__tier0.png
EXP-009,C3,ip-adapter,2026-08-01T00:46:40+00:00,stable-diffusion-v1-5/stable-diffusion-v1-5,451f4fe16113bff5a5d2269ed5ad43b0592e9a14,h94/IP-Adapter,018e402774aeeddd60609b4ecdb7e298259dc729,018e402774aeeddd60609b4ecdb7e298259dc729,2.13.0+cu126,12.6,0.39.0,NVIDIA GeForce RTX 4060 Laptop GPU,float16,DPMSolverMultistepScheduler,P3-ukiyo,9c8648d75ada09e507fe921445f19ba7a2bce1905c95cf28f8f8be00fa577a96,322eba37a8cc00f3465f0420c556f351054c86b0fe77297c0e50f65cb6b7b494,R3,cfbc213f291a0408e2cc51d051929d3a09abd100fc3c1b451b640ab7da2f83ec,long side bounded 4000x2980 -> 1024x763 (LANCZOS); CLIP processor resize + centre-crop 224,1.0,strong,scale,0.85,30,42,512,512,30,7.5,0,ip-adapter@512x512@tier0,True,False,pipeline default,21.703,3.344,3924.07,4582.0,5695.5,2028.62,03e993c641f5b703c04959217334a8f2f531b0ac624cad50cc0b803f5e90cac6,ok,,,outputs/EXP-009/EXP-009__ip-adapter__C3__R3__strong__s0p85__512x512__seed42__tier0.png
EXP-009,C3,ip-adapter,2026-08-01T00:46:43+00:00,stable-diffusion-v1-5/stable-diffusion-v1-5,451f4fe16113bff5a5d2269ed5ad43b0592e9a14,h94/IP-Adapter,018e402774aeeddd60609b4ecdb7e298259dc729,018e402774aeeddd60609b4ecdb7e298259dc729,2.13.0+cu126,12.6,0.39.0,NVIDIA GeForce RTX 4060 Laptop GPU,float16,DPMSolverMultistepScheduler,P3-ukiyo,9c8648d75ada09e507fe921445f19ba7a2bce1905c95cf28f8f8be00fa577a96,322eba37a8cc00f3465f0420c556f351054c86b0fe77297c0e50f65cb6b7b494,R3,cfbc213f291a0408e2cc51d051929d3a09abd100fc3c1b451b640ab7da2f83ec,long side bounded 4000x2980 -> 1024x763 (LANCZOS); CLIP processor resize + centre-crop 224,1.0,strong,scale,0.85,30,1337,512,512,30,7.5,0,ip-adapter@512x512@tier0,True,False,pipeline default,21.703,3.334,3924.07,4582.0,5695.5,2028.63,09df9912182bea78def9c643da4870ac5270c42aaeead170135db6c34e08aba9,ok,,,outputs/EXP-009/EXP-009__ip-adapter__C3__R3__strong__s0p85__512x512__seed1337__tier0.png
EXP-009,C3,ip-adapter,2026-08-01T00:46:46+00:00,stable-diffusion-v1-5/stable-diffusion-v1-5,451f4fe16113bff5a5d2269ed5ad43b0592e9a14,h94/IP-Adapter,018e402774aeeddd60609b4ecdb7e298259dc729,018e402774aeeddd60609b4ecdb7e298259dc729,2.13.0+cu126,12.6,0.39.0,NVIDIA GeForce RTX 4060 Laptop GPU,float16,DPMSolverMultistepScheduler,P3-ukiyo,9c8648d75ada09e507fe921445f19ba7a2bce1905c95cf28f8f8be00fa577a96,322eba37a8cc00f3465f0420c556f351054c86b0fe77297c0e50f65cb6b7b494,R3,cfbc213f291a0408e2cc51d051929d3a09abd100fc3c1b451b640ab7da2f83ec,long side bounded 4000x2980 -> 1024x763 (LANCZOS); CLIP processor resize + centre-crop 224,1.0,strong,scale,0.85,30,2026,512,512,30,7.5,0,ip-adapter@512x512@tier0,True,False,pipeline default,21.703,3.343,3924.07,4582.0,5695.5,2028.64,fe5513bfb47ab5144950df39d4b5181ea3642807887d505fe3dedf28e2e987cf,ok,,,outputs/EXP-009/EXP-009__ip-adapter__C3__R3__strong__s0p85__512x512__seed2026__tier0.png
EXP-009,C4,ip-adapter,2026-08-01T00:46:50+00:00,stable-diffusion-v1-5/stable-diffusion-v1-5,451f4fe16113bff5a5d2269ed5ad43b0592e9a14,h94/IP-Adapter,018e402774aeeddd60609b4ecdb7e298259dc729,018e402774aeeddd60609b4ecdb7e298259dc729,2.13.0+cu126,12.6,0.39.0,NVIDIA GeForce RTX 4060 Laptop GPU,float16,DPMSolverMultistepScheduler,P4-deck,bfd72ef751983f8a267f571a92badb946d8eb238b3cdc44f547d63b5a30bc19c,322eba37a8cc00f3465f0420c556f351054c86b0fe77297c0e50f65cb6b7b494,R4,45475315cf149fc37e17301190d8a87c72640a8e9d466534ea226413a51741d0,long side bounded 512x1536 -> 341x1024 (LANCZOS); CLIP processor resize + centre-crop 224,1.0,strong,scale,0.85,30,42,512,512,30,7.5,0,ip-adapter@512x512@tier0,True,False,pipeline default,21.703,3.726,3924.07,4582.0,5695.5,2028.66,931441f378d7fc87c133ebffc8bb4159dab5084df006566d04532a26c68af42b,ok,,,outputs/EXP-009/EXP-009__ip-adapter__C4__R4__strong__s0p85__512x512__seed42__tier0.png
EXP-009,C4,ip-adapter,2026-08-01T00:46:54+00:00,stable-diffusion-v1-5/stable-diffusion-v1-5,451f4fe16113bff5a5d2269ed5ad43b0592e9a14,h94/IP-Adapter,018e402774aeeddd60609b4ecdb7e298259dc729,018e402774aeeddd60609b4ecdb7e298259dc729,2.13.0+cu126,12.6,0.39.0,NVIDIA GeForce RTX 4060 Laptop GPU,float16,DPMSolverMultistepScheduler,P4-deck,bfd72ef751983f8a267f571a92badb946d8eb238b3cdc44f547d63b5a30bc19c,322eba37a8cc00f3465f0420c556f351054c86b0fe77297c0e50f65cb6b7b494,R4,45475315cf149fc37e17301190d8a87c72640a8e9d466534ea226413a51741d0,long side bounded 512x1536 -> 341x1024 (LANCZOS); CLIP processor resize + centre-crop 224,1.0,strong,scale,0.85,30,1337,512,512,30,7.5,0,ip-adapter@512x512@tier0,True,False,pipeline default,21.703,3.342,3924.07,4582.0,5695.5,2028.66,789f2dbfe935e186aafd356c0a4466fa68aba8949644bdc5f18124b6c6760712,ok,,,outputs/EXP-009/EXP-009__ip-adapter__C4__R4__strong__s0p85__512x512__seed1337__tier0.png
EXP-009,C4,ip-adapter,2026-08-01T00:46:57+00:00,stable-diffusion-v1-5/stable-diffusion-v1-5,451f4fe16113bff5a5d2269ed5ad43b0592e9a14,h94/IP-Adapter,018e402774aeeddd60609b4ecdb7e298259dc729,018e402774aeeddd60609b4ecdb7e298259dc729,2.13.0+cu126,12.6,0.39.0,NVIDIA GeForce RTX 4060 Laptop GPU,float16,DPMSolverMultistepScheduler,P4-deck,bfd72ef751983f8a267f571a92badb946d8eb238b3cdc44f547d63b5a30bc19c,322eba37a8cc00f3465f0420c556f351054c86b0fe77297c0e50f65cb6b7b494,R4,45475315cf149fc37e17301190d8a87c72640a8e9d466534ea226413a51741d0,long side bounded 512x1536 -> 341x1024 (LANCZOS); CLIP processor resize + centre-crop 224,1.0,strong,scale,0.85,30,2026,512,512,30,7.5,0,ip-adapter@512x512@tier0,True,False,pipeline default,21.703,3.338,3924.07,4582.0,5695.5,2028.67,456584c71d4068e519ddb709a6281f8fb033b6b104b77b0cc96618e3bd296498,ok,,,outputs/EXP-009/EXP-009__ip-adapter__C4__R4__strong__s0p85__512x512__seed2026__tier0.png
EXP-009b,C1,ip-adapter,2026-08-01T00:47:55+00:00,stable-diffusion-v1-5/stable-diffusion-v1-5,451f4fe16113bff5a5d2269ed5ad43b0592e9a14,h94/IP-Adapter,018e402774aeeddd60609b4ecdb7e298259dc729,018e402774aeeddd60609b4ecdb7e298259dc729,2.13.0+cu126,12.6,0.39.0,NVIDIA GeForce RTX 4060 Laptop GPU,float16,DPMSolverMultistepScheduler,P1-poster,9c67354e368ec9b9f6e28c25781f08ad6c816ef91f74c3b969ea4591b4c24722,322eba37a8cc00f3465f0420c556f351054c86b0fe77297c0e50f65cb6b7b494,R1,515d83fc703f6bec6467aef6ae43b8d8fb7ad283aa65cc9af134dafddec3ef6c,native size 690x1024; CLIP processor resize + centre-crop 224,1.0,medium,scale,0.55,30,42,512,512,30,7.5,0,ip-adapter@512x512@tier0,True,False,pipeline default,12.914,3.283,3924.07,4582.0,5695.5,3044.45,7fb17cb1b571966a1ac007d1ca9572c0655d3c3f3b13a96def93b2c5d6042721,ok,,,outputs/EXP-009b/EXP-009b__ip-adapter__C1__R1__medium__s0p55__512x512__seed42__tier0.png
EXP-009b,C1,ip-adapter,2026-08-01T00:48:20+00:00,stable-diffusion-v1-5/stable-diffusion-v1-5,451f4fe16113bff5a5d2269ed5ad43b0592e9a14,h94/IP-Adapter,018e402774aeeddd60609b4ecdb7e298259dc729,018e402774aeeddd60609b4ecdb7e298259dc729,2.13.0+cu126,12.6,0.39.0,NVIDIA GeForce RTX 4060 Laptop GPU,float16,DPMSolverMultistepScheduler,P1-poster,9c67354e368ec9b9f6e28c25781f08ad6c816ef91f74c3b969ea4591b4c24722,322eba37a8cc00f3465f0420c556f351054c86b0fe77297c0e50f65cb6b7b494,R1,515d83fc703f6bec6467aef6ae43b8d8fb7ad283aa65cc9af134dafddec3ef6c,native size 690x1024; CLIP processor resize + centre-crop 224,1.0,strong,scale,0.85,30,42,512,512,30,7.5,0,ip-adapter@512x512@tier0,True,False,pipeline default,11.814,3.357,3924.07,4582.0,5695.5,3045.29,1762bdce97b3adc7294ff8c25c73b687432b9f8028e0785b6f5c73f79a033bd4,ok,,,outputs/EXP-009b/EXP-009b__ip-adapter__C1__R1__strong__s0p85__512x512__seed42__tier0.png
EXP-009b,C1,ip-adapter,2026-08-01T00:47:28+00:00,stable-diffusion-v1-5/stable-diffusion-v1-5,451f4fe16113bff5a5d2269ed5ad43b0592e9a14,h94/IP-Adapter,018e402774aeeddd60609b4ecdb7e298259dc729,018e402774aeeddd60609b4ecdb7e298259dc729,2.13.0+cu126,12.6,0.39.0,NVIDIA GeForce RTX 4060 Laptop GPU,float16,DPMSolverMultistepScheduler,P1-poster,9c67354e368ec9b9f6e28c25781f08ad6c816ef91f74c3b969ea4591b4c24722,322eba37a8cc00f3465f0420c556f351054c86b0fe77297c0e50f65cb6b7b494,R1,515d83fc703f6bec6467aef6ae43b8d8fb7ad283aa65cc9af134dafddec3ef6c,native size 690x1024; CLIP processor resize + centre-crop 224,1.0,weak,scale,0.25,30,42,512,512,30,7.5,0,ip-adapter@512x512@tier0,True,False,pipeline default,14.644,3.345,3924.07,4582.0,5695.5,3031.59,def478a1d6328bbdaafe77c0268fd33eee79b287da85c7038eb629a452907118,ok,,,outputs/EXP-009b/EXP-009b__ip-adapter__C1__R1__weak__s0p25__512x512__seed42__tier0.png
EXP-010,C1,ip-adapter,2026-08-01T00:49:48+00:00,stable-diffusion-v1-5/stable-diffusion-v1-5,451f4fe16113bff5a5d2269ed5ad43b0592e9a14,h94/IP-Adapter,018e402774aeeddd60609b4ecdb7e298259dc729,018e402774aeeddd60609b4ecdb7e298259dc729,2.13.0+cu126,12.6,0.39.0,NVIDIA GeForce RTX 4060 Laptop GPU,float16,DPMSolverMultistepScheduler,P1-poster,9c67354e368ec9b9f6e28c25781f08ad6c816ef91f74c3b969ea4591b4c24722,322eba37a8cc00f3465f0420c556f351054c86b0fe77297c0e50f65cb6b7b494,R1,515d83fc703f6bec6467aef6ae43b8d8fb7ad283aa65cc9af134dafddec3ef6c,native size 690x1024; CLIP processor resize + centre-crop 224,1.0,none,scale,0.0,30,42,512,512,30,7.5,0,ip-adapter@512x512@tier0,True,False,pipeline default,13.421,3.338,3924.07,4582.0,5695.5,3067.75,cee27050f45b5ab6bbbdad05dc9f2146b202377e64261840d553b1c61fe9c5af,ok,,,outputs/EXP-010/EXP-010__ip-adapter__C1__R1__none__s0__512x512__seed42__tier0.png
EXP-010,C1,ip-adapter,2026-08-01T00:49:51+00:00,stable-diffusion-v1-5/stable-diffusion-v1-5,451f4fe16113bff5a5d2269ed5ad43b0592e9a14,h94/IP-Adapter,018e402774aeeddd60609b4ecdb7e298259dc729,018e402774aeeddd60609b4ecdb7e298259dc729,2.13.0+cu126,12.6,0.39.0,NVIDIA GeForce RTX 4060 Laptop GPU,float16,DPMSolverMultistepScheduler,P1-poster,9c67354e368ec9b9f6e28c25781f08ad6c816ef91f74c3b969ea4591b4c24722,322eba37a8cc00f3465f0420c556f351054c86b0fe77297c0e50f65cb6b7b494,R1,515d83fc703f6bec6467aef6ae43b8d8fb7ad283aa65cc9af134dafddec3ef6c,native size 690x1024; CLIP processor resize + centre-crop 224,1.0,none,scale,0.0,30,1337,512,512,30,7.5,0,ip-adapter@512x512@tier0,True,False,pipeline default,13.421,3.405,3924.07,4582.0,5695.5,3065.8,3700558a0617e3ae6235dda874ffe35bd4bcd283453906119e5b8e142a611dda,ok,,,outputs/EXP-010/EXP-010__ip-adapter__C1__R1__none__s0__512x512__seed1337__tier0.png
EXP-010,C1,ip-adapter,2026-08-01T00:49:54+00:00,stable-diffusion-v1-5/stable-diffusion-v1-5,451f4fe16113bff5a5d2269ed5ad43b0592e9a14,h94/IP-Adapter,018e402774aeeddd60609b4ecdb7e298259dc729,018e402774aeeddd60609b4ecdb7e298259dc729,2.13.0+cu126,12.6,0.39.0,NVIDIA GeForce RTX 4060 Laptop GPU,float16,DPMSolverMultistepScheduler,P1-poster,9c67354e368ec9b9f6e28c25781f08ad6c816ef91f74c3b969ea4591b4c24722,322eba37a8cc00f3465f0420c556f351054c86b0fe77297c0e50f65cb6b7b494,R1,515d83fc703f6bec6467aef6ae43b8d8fb7ad283aa65cc9af134dafddec3ef6c,native size 690x1024; CLIP processor resize + centre-crop 224,1.0,none,scale,0.0,30,2026,512,512,30,7.5,0,ip-adapter@512x512@tier0,True,False,pipeline default,13.421,3.349,3924.07,4582.0,5695.5,3066.22,bdd8c131c8b17a9d414139aae0e5853a8edd372ca82b13f6a38fe699ec1bce7e,ok,,,outputs/EXP-010/EXP-010__ip-adapter__C1__R1__none__s0__512x512__seed2026__tier0.png
EXP-010,C2,ip-adapter,2026-08-01T00:49:58+00:00,stable-diffusion-v1-5/stable-diffusion-v1-5,451f4fe16113bff5a5d2269ed5ad43b0592e9a14,h94/IP-Adapter,018e402774aeeddd60609b4ecdb7e298259dc729,018e402774aeeddd60609b4ecdb7e298259dc729,2.13.0+cu126,12.6,0.39.0,NVIDIA GeForce RTX 4060 Laptop GPU,float16,DPMSolverMultistepScheduler,P2-geo,85ea0319cf2a6b0219702873d88f21092ac7334553e56c13c7603daec34b4660,322eba37a8cc00f3465f0420c556f351054c86b0fe77297c0e50f65cb6b7b494,R2,af49e3fb28a0582b9b651253dbdcb6b05822015e1936a4042fa6c041409d6c50,long side bounded 512x1536 -> 341x1024 (LANCZOS); CLIP processor resize + centre-crop 224,1.0,none,scale,0.0,30,42,512,512,30,7.5,0,ip-adapter@512x512@tier0,True,False,pipeline default,13.421,3.367,3924.07,4582.0,5695.5,3063.88,f003da95ec7cb6460fa5444ad8ab78155a524cb93392ef0f3c4d5b2150a3b9cc,ok,,,outputs/EXP-010/EXP-010__ip-adapter__C2__R2__none__s0__512x512__seed42__tier0.png
EXP-010,C2,ip-adapter,2026-08-01T00:50:01+00:00,stable-diffusion-v1-5/stable-diffusion-v1-5,451f4fe16113bff5a5d2269ed5ad43b0592e9a14,h94/IP-Adapter,018e402774aeeddd60609b4ecdb7e298259dc729,018e402774aeeddd60609b4ecdb7e298259dc729,2.13.0+cu126,12.6,0.39.0,NVIDIA GeForce RTX 4060 Laptop GPU,float16,DPMSolverMultistepScheduler,P2-geo,85ea0319cf2a6b0219702873d88f21092ac7334553e56c13c7603daec34b4660,322eba37a8cc00f3465f0420c556f351054c86b0fe77297c0e50f65cb6b7b494,R2,af49e3fb28a0582b9b651253dbdcb6b05822015e1936a4042fa6c041409d6c50,long side bounded 512x1536 -> 341x1024 (LANCZOS); CLIP processor resize + centre-crop 224,1.0,none,scale,0.0,30,1337,512,512,30,7.5,0,ip-adapter@512x512@tier0,True,False,pipeline default,13.421,3.396,3924.07,4582.0,5695.5,3049.22,1ff00b4e4febfc9bc48c70573a80f1ab8edf8b751960fae274be497030b38f5b,ok,,,outputs/EXP-010/EXP-010__ip-adapter__C2__R2__none__s0__512x512__seed1337__tier0.png
EXP-010,C2,ip-adapter,2026-08-01T00:50:05+00:00,stable-diffusion-v1-5/stable-diffusion-v1-5,451f4fe16113bff5a5d2269ed5ad43b0592e9a14,h94/IP-Adapter,018e402774aeeddd60609b4ecdb7e298259dc729,018e402774aeeddd60609b4ecdb7e298259dc729,2.13.0+cu126,12.6,0.39.0,NVIDIA GeForce RTX 4060 Laptop GPU,float16,DPMSolverMultistepScheduler,P2-geo,85ea0319cf2a6b0219702873d88f21092ac7334553e56c13c7603daec34b4660,322eba37a8cc00f3465f0420c556f351054c86b0fe77297c0e50f65cb6b7b494,R2,af49e3fb28a0582b9b651253dbdcb6b05822015e1936a4042fa6c041409d6c50,long side bounded 512x1536 -> 341x1024 (LANCZOS); CLIP processor resize + centre-crop 224,1.0,none,scale,0.0,30,2026,512,512,30,7.5,0,ip-adapter@512x512@tier0,True,False,pipeline default,13.421,3.432,3924.07,4582.0,5695.5,3049.34,fe73e9ca27613198a8142cfc06ac07e5b90f77dbfeab465ca63354a9c9865d5a,ok,,,outputs/EXP-010/EXP-010__ip-adapter__C2__R2__none__s0__512x512__seed2026__tier0.png
EXP-010,C3,ip-adapter,2026-08-01T00:50:08+00:00,stable-diffusion-v1-5/stable-diffusion-v1-5,451f4fe16113bff5a5d2269ed5ad43b0592e9a14,h94/IP-Adapter,018e402774aeeddd60609b4ecdb7e298259dc729,018e402774aeeddd60609b4ecdb7e298259dc729,2.13.0+cu126,12.6,0.39.0,NVIDIA GeForce RTX 4060 Laptop GPU,float16,DPMSolverMultistepScheduler,P3-ukiyo,9c8648d75ada09e507fe921445f19ba7a2bce1905c95cf28f8f8be00fa577a96,322eba37a8cc00f3465f0420c556f351054c86b0fe77297c0e50f65cb6b7b494,R3,cfbc213f291a0408e2cc51d051929d3a09abd100fc3c1b451b640ab7da2f83ec,long side bounded 4000x2980 -> 1024x763 (LANCZOS); CLIP processor resize + centre-crop 224,1.0,none,scale,0.0,30,42,512,512,30,7.5,0,ip-adapter@512x512@tier0,True,False,pipeline default,13.421,3.432,3924.07,4582.0,5695.5,3051.18,7f65ab15a171c3cc8e99e8bb96de32af3420082b194727e84101616fd9e8c41c,ok,,,outputs/EXP-010/EXP-010__ip-adapter__C3__R3__none__s0__512x512__seed42__tier0.png
EXP-010,C3,ip-adapter,2026-08-01T00:50:12+00:00,stable-diffusion-v1-5/stable-diffusion-v1-5,451f4fe16113bff5a5d2269ed5ad43b0592e9a14,h94/IP-Adapter,018e402774aeeddd60609b4ecdb7e298259dc729,018e402774aeeddd60609b4ecdb7e298259dc729,2.13.0+cu126,12.6,0.39.0,NVIDIA GeForce RTX 4060 Laptop GPU,float16,DPMSolverMultistepScheduler,P3-ukiyo,9c8648d75ada09e507fe921445f19ba7a2bce1905c95cf28f8f8be00fa577a96,322eba37a8cc00f3465f0420c556f351054c86b0fe77297c0e50f65cb6b7b494,R3,cfbc213f291a0408e2cc51d051929d3a09abd100fc3c1b451b640ab7da2f83ec,long side bounded 4000x2980 -> 1024x763 (LANCZOS); CLIP processor resize + centre-crop 224,1.0,none,scale,0.0,30,1337,512,512,30,7.5,0,ip-adapter@512x512@tier0,True,False,pipeline default,13.421,3.384,3924.07,4582.0,5695.5,3051.31,e3a150b2f5ad2b98c7bb27c0b5686a2bd2890b1fff8e75437324c0700b856b68,ok,,,outputs/EXP-010/EXP-010__ip-adapter__C3__R3__none__s0__512x512__seed1337__tier0.png
EXP-010,C3,ip-adapter,2026-08-01T00:50:15+00:00,stable-diffusion-v1-5/stable-diffusion-v1-5,451f4fe16113bff5a5d2269ed5ad43b0592e9a14,h94/IP-Adapter,018e402774aeeddd60609b4ecdb7e298259dc729,018e402774aeeddd60609b4ecdb7e298259dc729,2.13.0+cu126,12.6,0.39.0,NVIDIA GeForce RTX 4060 Laptop GPU,float16,DPMSolverMultistepScheduler,P3-ukiyo,9c8648d75ada09e507fe921445f19ba7a2bce1905c95cf28f8f8be00fa577a96,322eba37a8cc00f3465f0420c556f351054c86b0fe77297c0e50f65cb6b7b494,R3,cfbc213f291a0408e2cc51d051929d3a09abd100fc3c1b451b640ab7da2f83ec,long side bounded 4000x2980 -> 1024x763 (LANCZOS); CLIP processor resize + centre-crop 224,1.0,none,scale,0.0,30,2026,512,512,30,7.5,0,ip-adapter@512x512@tier0,True,False,pipeline default,13.421,3.407,3924.07,4582.0,5695.5,3051.41,b9f0ce46bea516e1445c19d5c299848347e7cf3ae822299c98de56435b8eab88,ok,,,outputs/EXP-010/EXP-010__ip-adapter__C3__R3__none__s0__512x512__seed2026__tier0.png
EXP-010,C4,ip-adapter,2026-08-01T00:50:19+00:00,stable-diffusion-v1-5/stable-diffusion-v1-5,451f4fe16113bff5a5d2269ed5ad43b0592e9a14,h94/IP-Adapter,018e402774aeeddd60609b4ecdb7e298259dc729,018e402774aeeddd60609b4ecdb7e298259dc729,2.13.0+cu126,12.6,0.39.0,NVIDIA GeForce RTX 4060 Laptop GPU,float16,DPMSolverMultistepScheduler,P4-deck,bfd72ef751983f8a267f571a92badb946d8eb238b3cdc44f547d63b5a30bc19c,322eba37a8cc00f3465f0420c556f351054c86b0fe77297c0e50f65cb6b7b494,R4,45475315cf149fc37e17301190d8a87c72640a8e9d466534ea226413a51741d0,long side bounded 512x1536 -> 341x1024 (LANCZOS); CLIP processor resize + centre-crop 224,1.0,none,scale,0.0,30,42,512,512,30,7.5,0,ip-adapter@512x512@tier0,True,False,pipeline default,13.421,3.428,3924.07,4582.0,5695.5,3051.21,508187805990d2bea40bf46555743729be8a5a33e2d957a89ec4fe87a72f50fd,ok,,,outputs/EXP-010/EXP-010__ip-adapter__C4__R4__none__s0__512x512__seed42__tier0.png
EXP-010,C4,ip-adapter,2026-08-01T00:50:23+00:00,stable-diffusion-v1-5/stable-diffusion-v1-5,451f4fe16113bff5a5d2269ed5ad43b0592e9a14,h94/IP-Adapter,018e402774aeeddd60609b4ecdb7e298259dc729,018e402774aeeddd60609b4ecdb7e298259dc729,2.13.0+cu126,12.6,0.39.0,NVIDIA GeForce RTX 4060 Laptop GPU,float16,DPMSolverMultistepScheduler,P4-deck,bfd72ef751983f8a267f571a92badb946d8eb238b3cdc44f547d63b5a30bc19c,322eba37a8cc00f3465f0420c556f351054c86b0fe77297c0e50f65cb6b7b494,R4,45475315cf149fc37e17301190d8a87c72640a8e9d466534ea226413a51741d0,long side bounded 512x1536 -> 341x1024 (LANCZOS); CLIP processor resize + centre-crop 224,1.0,none,scale,0.0,30,1337,512,512,30,7.5,0,ip-adapter@512x512@tier0,True,False,pipeline default,13.421,3.697,3924.07,4582.0,5695.5,3051.24,8c12c88af5d948a08b52795b0ba0426732e19143e0ecfaf95d08438dd3ecda81,ok,,,outputs/EXP-010/EXP-010__ip-adapter__C4__R4__none__s0__512x512__seed1337__tier0.png
EXP-010,C4,ip-adapter,2026-08-01T00:50:26+00:00,stable-diffusion-v1-5/stable-diffusion-v1-5,451f4fe16113bff5a5d2269ed5ad43b0592e9a14,h94/IP-Adapter,018e402774aeeddd60609b4ecdb7e298259dc729,018e402774aeeddd60609b4ecdb7e298259dc729,2.13.0+cu126,12.6,0.39.0,NVIDIA GeForce RTX 4060 Laptop GPU,float16,DPMSolverMultistepScheduler,P4-deck,bfd72ef751983f8a267f571a92badb946d8eb238b3cdc44f547d63b5a30bc19c,322eba37a8cc00f3465f0420c556f351054c86b0fe77297c0e50f65cb6b7b494,R4,45475315cf149fc37e17301190d8a87c72640a8e9d466534ea226413a51741d0,long side bounded 512x1536 -> 341x1024 (LANCZOS); CLIP processor resize + centre-crop 224,1.0,none,scale,0.0,30,2026,512,512,30,7.5,0,ip-adapter@512x512@tier0,True,False,pipeline default,13.421,3.602,3924.07,4582.0,5695.5,3051.19,f9a56e953419233e13c794317f23c7b6b0eb16684d3727c3797f9e6e20b8125f,ok,,,outputs/EXP-010/EXP-010__ip-adapter__C4__R4__none__s0__512x512__seed2026__tier0.png
EXP-010,C1,text-only,2026-08-01T00:51:10+00:00,stable-diffusion-v1-5/stable-diffusion-v1-5,451f4fe16113bff5a5d2269ed5ad43b0592e9a14,,,,2.13.0+cu126,12.6,0.39.0,NVIDIA GeForce RTX 4060 Laptop GPU,float16,DPMSolverMultistepScheduler,P1-poster,9c67354e368ec9b9f6e28c25781f08ad6c816ef91f74c3b969ea4591b4c24722,322eba37a8cc00f3465f0420c556f351054c86b0fe77297c0e50f65cb6b7b494,,,not applicable - no reference used,,none,,,30,42,512,1536,30,7.5,0,text-only@512x1536@tier0,True,False,pipeline default,11.098,11.713,3892.01,5470.0,6583.5,2761.93,51d81e74df6f5b48710e211adbbb62f40e68f2f45305233002e650c292513ac3,ok,,,outputs/EXP-010/EXP-010__text-only__C1__R1__none__sna__512x1536__seed42__tier0.png
EXP-010,C1,text-only,2026-08-01T00:51:22+00:00,stable-diffusion-v1-5/stable-diffusion-v1-5,451f4fe16113bff5a5d2269ed5ad43b0592e9a14,,,,2.13.0+cu126,12.6,0.39.0,NVIDIA GeForce RTX 4060 Laptop GPU,float16,DPMSolverMultistepScheduler,P1-poster,9c67354e368ec9b9f6e28c25781f08ad6c816ef91f74c3b969ea4591b4c24722,322eba37a8cc00f3465f0420c556f351054c86b0fe77297c0e50f65cb6b7b494,,,not applicable - no reference used,,none,,,30,1337,512,1536,30,7.5,0,text-only@512x1536@tier0,True,False,pipeline default,11.098,11.781,3892.01,5470.0,6583.5,2762.31,7fdbcfeb5beffbe5b9a05057108e0cb81efe4076b68fe1dee5b6e209342525ec,ok,,,outputs/EXP-010/EXP-010__text-only__C1__R1__none__sna__512x1536__seed1337__tier0.png
EXP-010,C1,text-only,2026-08-01T00:51:34+00:00,stable-diffusion-v1-5/stable-diffusion-v1-5,451f4fe16113bff5a5d2269ed5ad43b0592e9a14,,,,2.13.0+cu126,12.6,0.39.0,NVIDIA GeForce RTX 4060 Laptop GPU,float16,DPMSolverMultistepScheduler,P1-poster,9c67354e368ec9b9f6e28c25781f08ad6c816ef91f74c3b969ea4591b4c24722,322eba37a8cc00f3465f0420c556f351054c86b0fe77297c0e50f65cb6b7b494,,,not applicable - no reference used,,none,,,30,2026,512,1536,30,7.5,0,text-only@512x1536@tier0,True,False,pipeline default,11.098,11.92,3892.01,5470.0,6583.5,2762.53,f06104de32b8cc3eaaf16729dc51ecaa4eeae17687364213e33f34d173cff429,ok,,,outputs/EXP-010/EXP-010__text-only__C1__R1__none__sna__512x1536__seed2026__tier0.png
EXP-010,C2,text-only,2026-08-01T00:51:46+00:00,stable-diffusion-v1-5/stable-diffusion-v1-5,451f4fe16113bff5a5d2269ed5ad43b0592e9a14,,,,2.13.0+cu126,12.6,0.39.0,NVIDIA GeForce RTX 4060 Laptop GPU,float16,DPMSolverMultistepScheduler,P2-geo,85ea0319cf2a6b0219702873d88f21092ac7334553e56c13c7603daec34b4660,322eba37a8cc00f3465f0420c556f351054c86b0fe77297c0e50f65cb6b7b494,,,not applicable - no reference used,,none,,,30,42,512,1536,30,7.5,0,text-only@512x1536@tier0,True,False,pipeline default,11.098,11.77,3892.01,5470.0,6583.5,2762.64,b0be01e9cf60241e8d0f182aff1b7b0818afc912e46577d5e4b4d908d84a6425,ok,,,outputs/EXP-010/EXP-010__text-only__C2__R2__none__sna__512x1536__seed42__tier0.png
EXP-010,C2,text-only,2026-08-01T00:51:58+00:00,stable-diffusion-v1-5/stable-diffusion-v1-5,451f4fe16113bff5a5d2269ed5ad43b0592e9a14,,,,2.13.0+cu126,12.6,0.39.0,NVIDIA GeForce RTX 4060 Laptop GPU,float16,DPMSolverMultistepScheduler,P2-geo,85ea0319cf2a6b0219702873d88f21092ac7334553e56c13c7603daec34b4660,322eba37a8cc00f3465f0420c556f351054c86b0fe77297c0e50f65cb6b7b494,,,not applicable - no reference used,,none,,,30,1337,512,1536,30,7.5,0,text-only@512x1536@tier0,True,False,pipeline default,11.098,11.837,3892.01,5470.0,6583.5,2762.66,a52416a6724c18cb9229c2878e704b6613abaad744ce212c18bd3b01e06da26a,ok,,,outputs/EXP-010/EXP-010__text-only__C2__R2__none__sna__512x1536__seed1337__tier0.png
EXP-010,C2,text-only,2026-08-01T00:52:10+00:00,stable-diffusion-v1-5/stable-diffusion-v1-5,451f4fe16113bff5a5d2269ed5ad43b0592e9a14,,,,2.13.0+cu126,12.6,0.39.0,NVIDIA GeForce RTX 4060 Laptop GPU,float16,DPMSolverMultistepScheduler,P2-geo,85ea0319cf2a6b0219702873d88f21092ac7334553e56c13c7603daec34b4660,322eba37a8cc00f3465f0420c556f351054c86b0fe77297c0e50f65cb6b7b494,,,not applicable - no reference used,,none,,,30,2026,512,1536,30,7.5,0,text-only@512x1536@tier0,True,False,pipeline default,11.098,11.806,3892.01,5470.0,6583.5,2762.79,288733717d1ee70e137befebd08a219c510a9fabf1bec76af41ff6780307e3f4,ok,,,outputs/EXP-010/EXP-010__text-only__C2__R2__none__sna__512x1536__seed2026__tier0.png
EXP-010,C4,text-only,2026-08-01T00:52:22+00:00,stable-diffusion-v1-5/stable-diffusion-v1-5,451f4fe16113bff5a5d2269ed5ad43b0592e9a14,,,,2.13.0+cu126,12.6,0.39.0,NVIDIA GeForce RTX 4060 Laptop GPU,float16,DPMSolverMultistepScheduler,P4-deck,bfd72ef751983f8a267f571a92badb946d8eb238b3cdc44f547d63b5a30bc19c,322eba37a8cc00f3465f0420c556f351054c86b0fe77297c0e50f65cb6b7b494,,,not applicable - no reference used,,none,,,30,42,512,1536,30,7.5,0,text-only@512x1536@tier0,True,False,pipeline default,11.098,11.843,3892.01,5470.0,6583.5,2762.85,e719061e278a3a15f9b95fc0c0c97927cbee68228112b83042620c14095a103e,ok,,,outputs/EXP-010/EXP-010__text-only__C4__R4__none__sna__512x1536__seed42__tier0.png
EXP-010,C4,text-only,2026-08-01T00:52:34+00:00,stable-diffusion-v1-5/stable-diffusion-v1-5,451f4fe16113bff5a5d2269ed5ad43b0592e9a14,,,,2.13.0+cu126,12.6,0.39.0,NVIDIA GeForce RTX 4060 Laptop GPU,float16,DPMSolverMultistepScheduler,P4-deck,bfd72ef751983f8a267f571a92badb946d8eb238b3cdc44f547d63b5a30bc19c,322eba37a8cc00f3465f0420c556f351054c86b0fe77297c0e50f65cb6b7b494,,,not applicable - no reference used,,none,,,30,1337,512,1536,30,7.5,0,text-only@512x1536@tier0,True,False,pipeline default,11.098,11.918,3892.01,5470.0,6583.5,2762.95,35df70f05c2f9f1ed0ae2a49b1d5f6a4e58e68c72330d1353da5da43610c3056,ok,,,outputs/EXP-010/EXP-010__text-only__C4__R4__none__sna__512x1536__seed1337__tier0.png
EXP-010,C4,text-only,2026-08-01T00:52:46+00:00,stable-diffusion-v1-5/stable-diffusion-v1-5,451f4fe16113bff5a5d2269ed5ad43b0592e9a14,,,,2.13.0+cu126,12.6,0.39.0,NVIDIA GeForce RTX 4060 Laptop GPU,float16,DPMSolverMultistepScheduler,P4-deck,bfd72ef751983f8a267f571a92badb946d8eb238b3cdc44f547d63b5a30bc19c,322eba37a8cc00f3465f0420c556f351054c86b0fe77297c0e50f65cb6b7b494,,,not applicable - no reference used,,none,,,30,2026,512,1536,30,7.5,0,text-only@512x1536@tier0,True,False,pipeline default,11.098,11.897,3892.01,5470.0,6583.5,2762.97,92db452060df060979162abcfe08f2a3460e2332365afe29eab0a84bef6a3178,ok,,,outputs/EXP-010/EXP-010__text-only__C4__R4__none__sna__512x1536__seed2026__tier0.png
EXP-010,C1,text-only,2026-08-01T00:48:44+00:00,stable-diffusion-v1-5/stable-diffusion-v1-5,451f4fe16113bff5a5d2269ed5ad43b0592e9a14,,,,2.13.0+cu126,12.6,0.39.0,NVIDIA GeForce RTX 4060 Laptop GPU,float16,DPMSolverMultistepScheduler,P1-poster,9c67354e368ec9b9f6e28c25781f08ad6c816ef91f74c3b969ea4591b4c24722,322eba37a8cc00f3465f0420c556f351054c86b0fe77297c0e50f65cb6b7b494,,,not applicable - no reference used,,none,,,30,42,512,512,30,7.5,0,text-only@512x512@tier0,True,False,pipeline default,10.744,3.228,2675.38,3246.0,4359.5,2473.12,cee27050f45b5ab6bbbdad05dc9f2146b202377e64261840d553b1c61fe9c5af,ok,,,outputs/EXP-010/EXP-010__text-only__C1__R1__none__sna__512x512__seed42__tier0.png
EXP-010,C1,text-only,2026-08-01T00:48:47+00:00,stable-diffusion-v1-5/stable-diffusion-v1-5,451f4fe16113bff5a5d2269ed5ad43b0592e9a14,,,,2.13.0+cu126,12.6,0.39.0,NVIDIA GeForce RTX 4060 Laptop GPU,float16,DPMSolverMultistepScheduler,P1-poster,9c67354e368ec9b9f6e28c25781f08ad6c816ef91f74c3b969ea4591b4c24722,322eba37a8cc00f3465f0420c556f351054c86b0fe77297c0e50f65cb6b7b494,,,not applicable - no reference used,,none,,,30,1337,512,512,30,7.5,0,text-only@512x512@tier0,True,False,pipeline default,10.744,3.236,2675.38,3246.0,4359.5,2472.51,3700558a0617e3ae6235dda874ffe35bd4bcd283453906119e5b8e142a611dda,ok,,,outputs/EXP-010/EXP-010__text-only__C1__R1__none__sna__512x512__seed1337__tier0.png
EXP-010,C1,text-only,2026-08-01T00:48:50+00:00,stable-diffusion-v1-5/stable-diffusion-v1-5,451f4fe16113bff5a5d2269ed5ad43b0592e9a14,,,,2.13.0+cu126,12.6,0.39.0,NVIDIA GeForce RTX 4060 Laptop GPU,float16,DPMSolverMultistepScheduler,P1-poster,9c67354e368ec9b9f6e28c25781f08ad6c816ef91f74c3b969ea4591b4c24722,322eba37a8cc00f3465f0420c556f351054c86b0fe77297c0e50f65cb6b7b494,,,not applicable - no reference used,,none,,,30,2026,512,512,30,7.5,0,text-only@512x512@tier0,True,False,pipeline default,10.744,3.251,2675.38,3246.0,4359.5,2472.59,bdd8c131c8b17a9d414139aae0e5853a8edd372ca82b13f6a38fe699ec1bce7e,ok,,,outputs/EXP-010/EXP-010__text-only__C1__R1__none__sna__512x512__seed2026__tier0.png
EXP-010,C2,text-only,2026-08-01T00:48:54+00:00,stable-diffusion-v1-5/stable-diffusion-v1-5,451f4fe16113bff5a5d2269ed5ad43b0592e9a14,,,,2.13.0+cu126,12.6,0.39.0,NVIDIA GeForce RTX 4060 Laptop GPU,float16,DPMSolverMultistepScheduler,P2-geo,85ea0319cf2a6b0219702873d88f21092ac7334553e56c13c7603daec34b4660,322eba37a8cc00f3465f0420c556f351054c86b0fe77297c0e50f65cb6b7b494,,,not applicable - no reference used,,none,,,30,42,512,512,30,7.5,0,text-only@512x512@tier0,True,False,pipeline default,10.744,3.225,2675.38,3246.0,4359.5,2472.78,f003da95ec7cb6460fa5444ad8ab78155a524cb93392ef0f3c4d5b2150a3b9cc,ok,,,outputs/EXP-010/EXP-010__text-only__C2__R2__none__sna__512x512__seed42__tier0.png
EXP-010,C2,text-only,2026-08-01T00:48:57+00:00,stable-diffusion-v1-5/stable-diffusion-v1-5,451f4fe16113bff5a5d2269ed5ad43b0592e9a14,,,,2.13.0+cu126,12.6,0.39.0,NVIDIA GeForce RTX 4060 Laptop GPU,float16,DPMSolverMultistepScheduler,P2-geo,85ea0319cf2a6b0219702873d88f21092ac7334553e56c13c7603daec34b4660,322eba37a8cc00f3465f0420c556f351054c86b0fe77297c0e50f65cb6b7b494,,,not applicable - no reference used,,none,,,30,1337,512,512,30,7.5,0,text-only@512x512@tier0,True,False,pipeline default,10.744,3.22,2675.38,3246.0,4359.5,2472.87,1ff00b4e4febfc9bc48c70573a80f1ab8edf8b751960fae274be497030b38f5b,ok,,,outputs/EXP-010/EXP-010__text-only__C2__R2__none__sna__512x512__seed1337__tier0.png
EXP-010,C2,text-only,2026-08-01T00:49:00+00:00,stable-diffusion-v1-5/stable-diffusion-v1-5,451f4fe16113bff5a5d2269ed5ad43b0592e9a14,,,,2.13.0+cu126,12.6,0.39.0,NVIDIA GeForce RTX 4060 Laptop GPU,float16,DPMSolverMultistepScheduler,P2-geo,85ea0319cf2a6b0219702873d88f21092ac7334553e56c13c7603daec34b4660,322eba37a8cc00f3465f0420c556f351054c86b0fe77297c0e50f65cb6b7b494,,,not applicable - no reference used,,none,,,30,2026,512,512,30,7.5,0,text-only@512x512@tier0,True,False,pipeline default,10.744,3.225,2675.38,3246.0,4359.5,2473.07,fe73e9ca27613198a8142cfc06ac07e5b90f77dbfeab465ca63354a9c9865d5a,ok,,,outputs/EXP-010/EXP-010__text-only__C2__R2__none__sna__512x512__seed2026__tier0.png
EXP-010,C3,text-only,2026-08-01T00:49:04+00:00,stable-diffusion-v1-5/stable-diffusion-v1-5,451f4fe16113bff5a5d2269ed5ad43b0592e9a14,,,,2.13.0+cu126,12.6,0.39.0,NVIDIA GeForce RTX 4060 Laptop GPU,float16,DPMSolverMultistepScheduler,P3-ukiyo,9c8648d75ada09e507fe921445f19ba7a2bce1905c95cf28f8f8be00fa577a96,322eba37a8cc00f3465f0420c556f351054c86b0fe77297c0e50f65cb6b7b494,,,not applicable - no reference used,,none,,,30,42,512,512,30,7.5,0,text-only@512x512@tier0,True,False,pipeline default,10.744,3.244,2675.38,3246.0,4359.5,2473.2,7f65ab15a171c3cc8e99e8bb96de32af3420082b194727e84101616fd9e8c41c,ok,,,outputs/EXP-010/EXP-010__text-only__C3__R3__none__sna__512x512__seed42__tier0.png
EXP-010,C3,text-only,2026-08-01T00:49:07+00:00,stable-diffusion-v1-5/stable-diffusion-v1-5,451f4fe16113bff5a5d2269ed5ad43b0592e9a14,,,,2.13.0+cu126,12.6,0.39.0,NVIDIA GeForce RTX 4060 Laptop GPU,float16,DPMSolverMultistepScheduler,P3-ukiyo,9c8648d75ada09e507fe921445f19ba7a2bce1905c95cf28f8f8be00fa577a96,322eba37a8cc00f3465f0420c556f351054c86b0fe77297c0e50f65cb6b7b494,,,not applicable - no reference used,,none,,,30,1337,512,512,30,7.5,0,text-only@512x512@tier0,True,False,pipeline default,10.744,3.259,2675.38,3246.0,4359.5,2473.33,e3a150b2f5ad2b98c7bb27c0b5686a2bd2890b1fff8e75437324c0700b856b68,ok,,,outputs/EXP-010/EXP-010__text-only__C3__R3__none__sna__512x512__seed1337__tier0.png
EXP-010,C3,text-only,2026-08-01T00:49:10+00:00,stable-diffusion-v1-5/stable-diffusion-v1-5,451f4fe16113bff5a5d2269ed5ad43b0592e9a14,,,,2.13.0+cu126,12.6,0.39.0,NVIDIA GeForce RTX 4060 Laptop GPU,float16,DPMSolverMultistepScheduler,P3-ukiyo,9c8648d75ada09e507fe921445f19ba7a2bce1905c95cf28f8f8be00fa577a96,322eba37a8cc00f3465f0420c556f351054c86b0fe77297c0e50f65cb6b7b494,,,not applicable - no reference used,,none,,,30,2026,512,512,30,7.5,0,text-only@512x512@tier0,True,False,pipeline default,10.744,3.259,2675.38,3246.0,4359.5,2473.34,b9f0ce46bea516e1445c19d5c299848347e7cf3ae822299c98de56435b8eab88,ok,,,outputs/EXP-010/EXP-010__text-only__C3__R3__none__sna__512x512__seed2026__tier0.png
EXP-010,C4,text-only,2026-08-01T00:49:14+00:00,stable-diffusion-v1-5/stable-diffusion-v1-5,451f4fe16113bff5a5d2269ed5ad43b0592e9a14,,,,2.13.0+cu126,12.6,0.39.0,NVIDIA GeForce RTX 4060 Laptop GPU,float16,DPMSolverMultistepScheduler,P4-deck,bfd72ef751983f8a267f571a92badb946d8eb238b3cdc44f547d63b5a30bc19c,322eba37a8cc00f3465f0420c556f351054c86b0fe77297c0e50f65cb6b7b494,,,not applicable - no reference used,,none,,,30,42,512,512,30,7.5,0,text-only@512x512@tier0,True,False,pipeline default,10.744,3.26,2675.38,3246.0,4359.5,2473.35,508187805990d2bea40bf46555743729be8a5a33e2d957a89ec4fe87a72f50fd,ok,,,outputs/EXP-010/EXP-010__text-only__C4__R4__none__sna__512x512__seed42__tier0.png
EXP-010,C4,text-only,2026-08-01T00:49:17+00:00,stable-diffusion-v1-5/stable-diffusion-v1-5,451f4fe16113bff5a5d2269ed5ad43b0592e9a14,,,,2.13.0+cu126,12.6,0.39.0,NVIDIA GeForce RTX 4060 Laptop GPU,float16,DPMSolverMultistepScheduler,P4-deck,bfd72ef751983f8a267f571a92badb946d8eb238b3cdc44f547d63b5a30bc19c,322eba37a8cc00f3465f0420c556f351054c86b0fe77297c0e50f65cb6b7b494,,,not applicable - no reference used,,none,,,30,1337,512,512,30,7.5,0,text-only@512x512@tier0,True,False,pipeline default,10.744,3.278,2675.38,3246.0,4359.5,2473.41,8c12c88af5d948a08b52795b0ba0426732e19143e0ecfaf95d08438dd3ecda81,ok,,,outputs/EXP-010/EXP-010__text-only__C4__R4__none__sna__512x512__seed1337__tier0.png
EXP-010,C4,text-only,2026-08-01T00:49:20+00:00,stable-diffusion-v1-5/stable-diffusion-v1-5,451f4fe16113bff5a5d2269ed5ad43b0592e9a14,,,,2.13.0+cu126,12.6,0.39.0,NVIDIA GeForce RTX 4060 Laptop GPU,float16,DPMSolverMultistepScheduler,P4-deck,bfd72ef751983f8a267f571a92badb946d8eb238b3cdc44f547d63b5a30bc19c,322eba37a8cc00f3465f0420c556f351054c86b0fe77297c0e50f65cb6b7b494,,,not applicable - no reference used,,none,,,30,2026,512,512,30,7.5,0,text-only@512x512@tier0,True,False,pipeline default,10.744,3.302,2675.38,3246.0,4359.5,2473.41,f9a56e953419233e13c794317f23c7b6b0eb16684d3727c3797f9e6e20b8125f,ok,,,outputs/EXP-010/EXP-010__text-only__C4__R4__none__sna__512x512__seed2026__tier0.png
EXP-011,C5,img2img,2026-08-01T00:53:14+00:00,stable-diffusion-v1-5/stable-diffusion-v1-5,451f4fe16113bff5a5d2269ed5ad43b0592e9a14,,,,2.13.0+cu126,12.6,0.39.0,NVIDIA GeForce RTX 4060 Laptop GPU,float16,DPMSolverMultistepScheduler,P2-geo,85ea0319cf2a6b0219702873d88f21092ac7334553e56c13c7603daec34b4660,322eba37a8cc00f3465f0420c556f351054c86b0fe77297c0e50f65cb6b7b494,R3,cfbc213f291a0408e2cc51d051929d3a09abd100fc3c1b451b640ab7da2f83ec,centre-crop 4000x2980 -> 2980x2980 then LANCZOS resize to 512x512,0.745,weak,strength,0.85,25,42,512,512,30,7.5,0,img2img@512x512@tier0,True,False,pipeline default,13.513,2.883,2675.38,2958.0,4071.5,2513.2,953722914a24bf2f4682fc997930c60e310e558d4741f9993d26c7544aac19f1,ok,,,outputs/EXP-011/EXP-011__img2img__C5__R3__weak__s0p85__512x512__seed42__tier0.png
EXP-011,C5,img2img,2026-08-01T00:53:17+00:00,stable-diffusion-v1-5/stable-diffusion-v1-5,451f4fe16113bff5a5d2269ed5ad43b0592e9a14,,,,2.13.0+cu126,12.6,0.39.0,NVIDIA GeForce RTX 4060 Laptop GPU,float16,DPMSolverMultistepScheduler,P2-geo,85ea0319cf2a6b0219702873d88f21092ac7334553e56c13c7603daec34b4660,322eba37a8cc00f3465f0420c556f351054c86b0fe77297c0e50f65cb6b7b494,R3,cfbc213f291a0408e2cc51d051929d3a09abd100fc3c1b451b640ab7da2f83ec,centre-crop 4000x2980 -> 2980x2980 then LANCZOS resize to 512x512,0.745,weak,strength,0.85,25,1337,512,512,30,7.5,0,img2img@512x512@tier0,True,False,pipeline default,13.513,2.884,2675.38,2958.0,4071.5,2511.69,a03b4027b3c831932050f3f54b5db7d3ec8e31803512b4bfe136b15168533f35,ok,,,outputs/EXP-011/EXP-011__img2img__C5__R3__weak__s0p85__512x512__seed1337__tier0.png
EXP-011,C5,img2img,2026-08-01T00:53:20+00:00,stable-diffusion-v1-5/stable-diffusion-v1-5,451f4fe16113bff5a5d2269ed5ad43b0592e9a14,,,,2.13.0+cu126,12.6,0.39.0,NVIDIA GeForce RTX 4060 Laptop GPU,float16,DPMSolverMultistepScheduler,P2-geo,85ea0319cf2a6b0219702873d88f21092ac7334553e56c13c7603daec34b4660,322eba37a8cc00f3465f0420c556f351054c86b0fe77297c0e50f65cb6b7b494,R3,cfbc213f291a0408e2cc51d051929d3a09abd100fc3c1b451b640ab7da2f83ec,centre-crop 4000x2980 -> 2980x2980 then LANCZOS resize to 512x512,0.745,weak,strength,0.85,25,2026,512,512,30,7.5,0,img2img@512x512@tier0,True,False,pipeline default,13.513,2.908,2675.38,2958.0,4071.5,2511.7,74eebeaae446ba9999c8807fc4c87cda56582f40c9862c66a4779797ab7e330a,ok,,,outputs/EXP-011/EXP-011__img2img__C5__R3__weak__s0p85__512x512__seed2026__tier0.png
EXP-011,C6,img2img,2026-08-01T00:53:23+00:00,stable-diffusion-v1-5/stable-diffusion-v1-5,451f4fe16113bff5a5d2269ed5ad43b0592e9a14,,,,2.13.0+cu126,12.6,0.39.0,NVIDIA GeForce RTX 4060 Laptop GPU,float16,DPMSolverMultistepScheduler,P1-poster,9c67354e368ec9b9f6e28c25781f08ad6c816ef91f74c3b969ea4591b4c24722,322eba37a8cc00f3465f0420c556f351054c86b0fe77297c0e50f65cb6b7b494,R5,65701fafa3b8c3850ecb8819e69786471159b21d95b8debf035df82ece485e99,centre-crop 1024x699 -> 699x699 then LANCZOS resize to 512x512,0.6826,weak,strength,0.85,25,42,512,512,30,7.5,0,img2img@512x512@tier0,True,False,pipeline default,13.513,2.908,2675.38,2958.0,4071.5,2511.9,810eb42373682248f1fa6c2fb567259c46f5de373d2fdf14afb47c91ef0a620c,ok,,,outputs/EXP-011/EXP-011__img2img__C6__R5__weak__s0p85__512x512__seed42__tier0.png
EXP-011,C6,img2img,2026-08-01T00:53:26+00:00,stable-diffusion-v1-5/stable-diffusion-v1-5,451f4fe16113bff5a5d2269ed5ad43b0592e9a14,,,,2.13.0+cu126,12.6,0.39.0,NVIDIA GeForce RTX 4060 Laptop GPU,float16,DPMSolverMultistepScheduler,P1-poster,9c67354e368ec9b9f6e28c25781f08ad6c816ef91f74c3b969ea4591b4c24722,322eba37a8cc00f3465f0420c556f351054c86b0fe77297c0e50f65cb6b7b494,R5,65701fafa3b8c3850ecb8819e69786471159b21d95b8debf035df82ece485e99,centre-crop 1024x699 -> 699x699 then LANCZOS resize to 512x512,0.6826,weak,strength,0.85,25,1337,512,512,30,7.5,0,img2img@512x512@tier0,True,False,pipeline default,13.513,2.883,2675.38,2958.0,4071.5,2511.99,307e20a67969f8496005afd76ab3f6d94f93b128693659b0257eb8d5d19acd98,ok,,,outputs/EXP-011/EXP-011__img2img__C6__R5__weak__s0p85__512x512__seed1337__tier0.png
EXP-011,C6,img2img,2026-08-01T00:53:29+00:00,stable-diffusion-v1-5/stable-diffusion-v1-5,451f4fe16113bff5a5d2269ed5ad43b0592e9a14,,,,2.13.0+cu126,12.6,0.39.0,NVIDIA GeForce RTX 4060 Laptop GPU,float16,DPMSolverMultistepScheduler,P1-poster,9c67354e368ec9b9f6e28c25781f08ad6c816ef91f74c3b969ea4591b4c24722,322eba37a8cc00f3465f0420c556f351054c86b0fe77297c0e50f65cb6b7b494,R5,65701fafa3b8c3850ecb8819e69786471159b21d95b8debf035df82ece485e99,centre-crop 1024x699 -> 699x699 then LANCZOS resize to 512x512,0.6826,weak,strength,0.85,25,2026,512,512,30,7.5,0,img2img@512x512@tier0,True,False,pipeline default,13.513,2.907,2675.38,2958.0,4071.5,2512.08,7d3e21842cd2d36bce8ca3d8433c17210ebabdad135ee7ebc69c3e35660dd13a,ok,,,outputs/EXP-011/EXP-011__img2img__C6__R5__weak__s0p85__512x512__seed2026__tier0.png
EXP-011,C5,img2img,2026-08-01T00:53:31+00:00,stable-diffusion-v1-5/stable-diffusion-v1-5,451f4fe16113bff5a5d2269ed5ad43b0592e9a14,,,,2.13.0+cu126,12.6,0.39.0,NVIDIA GeForce RTX 4060 Laptop GPU,float16,DPMSolverMultistepScheduler,P2-geo,85ea0319cf2a6b0219702873d88f21092ac7334553e56c13c7603daec34b4660,322eba37a8cc00f3465f0420c556f351054c86b0fe77297c0e50f65cb6b7b494,R3,cfbc213f291a0408e2cc51d051929d3a09abd100fc3c1b451b640ab7da2f83ec,centre-crop 4000x2980 -> 2980x2980 then LANCZOS resize to 512x512,0.745,medium,strength,0.65,19,42,512,512,30,7.5,0,img2img@512x512@tier0,True,False,pipeline default,13.513,2.293,2675.38,2958.0,4071.5,2512.09,9feb66cd177ab2ced30b602e5660dc0a09514a44e4a5bfcf140fc081d2302f3c,ok,,,outputs/EXP-011/EXP-011__img2img__C5__R3__medium__s0p65__512x512__seed42__tier0.png
EXP-011,C5,img2img,2026-08-01T00:53:34+00:00,stable-diffusion-v1-5/stable-diffusion-v1-5,451f4fe16113bff5a5d2269ed5ad43b0592e9a14,,,,2.13.0+cu126,12.6,0.39.0,NVIDIA GeForce RTX 4060 Laptop GPU,float16,DPMSolverMultistepScheduler,P2-geo,85ea0319cf2a6b0219702873d88f21092ac7334553e56c13c7603daec34b4660,322eba37a8cc00f3465f0420c556f351054c86b0fe77297c0e50f65cb6b7b494,R3,cfbc213f291a0408e2cc51d051929d3a09abd100fc3c1b451b640ab7da2f83ec,centre-crop 4000x2980 -> 2980x2980 then LANCZOS resize to 512x512,0.745,medium,strength,0.65,19,1337,512,512,30,7.5,0,img2img@512x512@tier0,True,False,pipeline default,13.513,2.272,2675.38,2958.0,4071.5,2512.16,f348c4413583aa706ff4ae1dcf23333843d74b6cdd2994d5b2b50dda8107bb67,ok,,,outputs/EXP-011/EXP-011__img2img__C5__R3__medium__s0p65__512x512__seed1337__tier0.png
EXP-011,C5,img2img,2026-08-01T00:53:36+00:00,stable-diffusion-v1-5/stable-diffusion-v1-5,451f4fe16113bff5a5d2269ed5ad43b0592e9a14,,,,2.13.0+cu126,12.6,0.39.0,NVIDIA GeForce RTX 4060 Laptop GPU,float16,DPMSolverMultistepScheduler,P2-geo,85ea0319cf2a6b0219702873d88f21092ac7334553e56c13c7603daec34b4660,322eba37a8cc00f3465f0420c556f351054c86b0fe77297c0e50f65cb6b7b494,R3,cfbc213f291a0408e2cc51d051929d3a09abd100fc3c1b451b640ab7da2f83ec,centre-crop 4000x2980 -> 2980x2980 then LANCZOS resize to 512x512,0.745,medium,strength,0.65,19,2026,512,512,30,7.5,0,img2img@512x512@tier0,True,False,pipeline default,13.513,2.28,2675.38,2958.0,4071.5,2512.25,03970a7e5af66061547c4b20d38d2e64c528760eeb9b82289d52c1688054a691,ok,,,outputs/EXP-011/EXP-011__img2img__C5__R3__medium__s0p65__512x512__seed2026__tier0.png
EXP-011,C6,img2img,2026-08-01T00:53:39+00:00,stable-diffusion-v1-5/stable-diffusion-v1-5,451f4fe16113bff5a5d2269ed5ad43b0592e9a14,,,,2.13.0+cu126,12.6,0.39.0,NVIDIA GeForce RTX 4060 Laptop GPU,float16,DPMSolverMultistepScheduler,P1-poster,9c67354e368ec9b9f6e28c25781f08ad6c816ef91f74c3b969ea4591b4c24722,322eba37a8cc00f3465f0420c556f351054c86b0fe77297c0e50f65cb6b7b494,R5,65701fafa3b8c3850ecb8819e69786471159b21d95b8debf035df82ece485e99,centre-crop 1024x699 -> 699x699 then LANCZOS resize to 512x512,0.6826,medium,strength,0.65,19,42,512,512,30,7.5,0,img2img@512x512@tier0,True,False,pipeline default,13.513,2.307,2675.38,2958.0,4071.5,2512.32,aed0119a7111dec21007c55b105b4b370f5680e8a1431f8b89ec9c110e492c30,ok,,,outputs/EXP-011/EXP-011__img2img__C6__R5__medium__s0p65__512x512__seed42__tier0.png
EXP-011,C6,img2img,2026-08-01T00:53:41+00:00,stable-diffusion-v1-5/stable-diffusion-v1-5,451f4fe16113bff5a5d2269ed5ad43b0592e9a14,,,,2.13.0+cu126,12.6,0.39.0,NVIDIA GeForce RTX 4060 Laptop GPU,float16,DPMSolverMultistepScheduler,P1-poster,9c67354e368ec9b9f6e28c25781f08ad6c816ef91f74c3b969ea4591b4c24722,322eba37a8cc00f3465f0420c556f351054c86b0fe77297c0e50f65cb6b7b494,R5,65701fafa3b8c3850ecb8819e69786471159b21d95b8debf035df82ece485e99,centre-crop 1024x699 -> 699x699 then LANCZOS resize to 512x512,0.6826,medium,strength,0.65,19,1337,512,512,30,7.5,0,img2img@512x512@tier0,True,False,pipeline default,13.513,2.258,2675.38,2958.0,4071.5,2512.34,d56b65cc8c4004846dcd362ecbe3d8870ec4c7716beb456e5b2528910b8f3cac,ok,,,outputs/EXP-011/EXP-011__img2img__C6__R5__medium__s0p65__512x512__seed1337__tier0.png
EXP-011,C6,img2img,2026-08-01T00:53:43+00:00,stable-diffusion-v1-5/stable-diffusion-v1-5,451f4fe16113bff5a5d2269ed5ad43b0592e9a14,,,,2.13.0+cu126,12.6,0.39.0,NVIDIA GeForce RTX 4060 Laptop GPU,float16,DPMSolverMultistepScheduler,P1-poster,9c67354e368ec9b9f6e28c25781f08ad6c816ef91f74c3b969ea4591b4c24722,322eba37a8cc00f3465f0420c556f351054c86b0fe77297c0e50f65cb6b7b494,R5,65701fafa3b8c3850ecb8819e69786471159b21d95b8debf035df82ece485e99,centre-crop 1024x699 -> 699x699 then LANCZOS resize to 512x512,0.6826,medium,strength,0.65,19,2026,512,512,30,7.5,0,img2img@512x512@tier0,True,False,pipeline default,13.513,2.272,2675.38,2958.0,4071.5,2512.34,eb9aaab2b7e445465de9187d69a64814f685b9035523719842604317f3393cf7,ok,,,outputs/EXP-011/EXP-011__img2img__C6__R5__medium__s0p65__512x512__seed2026__tier0.png
EXP-011,C5,img2img,2026-08-01T00:53:45+00:00,stable-diffusion-v1-5/stable-diffusion-v1-5,451f4fe16113bff5a5d2269ed5ad43b0592e9a14,,,,2.13.0+cu126,12.6,0.39.0,NVIDIA GeForce RTX 4060 Laptop GPU,float16,DPMSolverMultistepScheduler,P2-geo,85ea0319cf2a6b0219702873d88f21092ac7334553e56c13c7603daec34b4660,322eba37a8cc00f3465f0420c556f351054c86b0fe77297c0e50f65cb6b7b494,R3,cfbc213f291a0408e2cc51d051929d3a09abd100fc3c1b451b640ab7da2f83ec,centre-crop 4000x2980 -> 2980x2980 then LANCZOS resize to 512x512,0.745,strong,strength,0.4,12,42,512,512,30,7.5,0,img2img@512x512@tier0,True,False,pipeline default,13.513,1.594,2675.38,2958.0,4071.5,2512.43,2fb93ee314c24861bdf85a4c0b56d61c51b5b62055d87429aa3e4f5052bc0e79,ok,,,outputs/EXP-011/EXP-011__img2img__C5__R3__strong__s0p4__512x512__seed42__tier0.png
EXP-011,C5,img2img,2026-08-01T00:53:47+00:00,stable-diffusion-v1-5/stable-diffusion-v1-5,451f4fe16113bff5a5d2269ed5ad43b0592e9a14,,,,2.13.0+cu126,12.6,0.39.0,NVIDIA GeForce RTX 4060 Laptop GPU,float16,DPMSolverMultistepScheduler,P2-geo,85ea0319cf2a6b0219702873d88f21092ac7334553e56c13c7603daec34b4660,322eba37a8cc00f3465f0420c556f351054c86b0fe77297c0e50f65cb6b7b494,R3,cfbc213f291a0408e2cc51d051929d3a09abd100fc3c1b451b640ab7da2f83ec,centre-crop 4000x2980 -> 2980x2980 then LANCZOS resize to 512x512,0.745,strong,strength,0.4,12,1337,512,512,30,7.5,0,img2img@512x512@tier0,True,False,pipeline default,13.513,1.578,2675.38,2958.0,4071.5,2512.45,24ea7383024e1d0985c96b73a1f1e42e9115c3a237ec3acceeb50f5a42a90573,ok,,,outputs/EXP-011/EXP-011__img2img__C5__R3__strong__s0p4__512x512__seed1337__tier0.png
EXP-011,C5,img2img,2026-08-01T00:53:48+00:00,stable-diffusion-v1-5/stable-diffusion-v1-5,451f4fe16113bff5a5d2269ed5ad43b0592e9a14,,,,2.13.0+cu126,12.6,0.39.0,NVIDIA GeForce RTX 4060 Laptop GPU,float16,DPMSolverMultistepScheduler,P2-geo,85ea0319cf2a6b0219702873d88f21092ac7334553e56c13c7603daec34b4660,322eba37a8cc00f3465f0420c556f351054c86b0fe77297c0e50f65cb6b7b494,R3,cfbc213f291a0408e2cc51d051929d3a09abd100fc3c1b451b640ab7da2f83ec,centre-crop 4000x2980 -> 2980x2980 then LANCZOS resize to 512x512,0.745,strong,strength,0.4,12,2026,512,512,30,7.5,0,img2img@512x512@tier0,True,False,pipeline default,13.513,1.607,2675.38,2958.0,4071.5,2512.45,c617779ccd5c182aad4bce4a8ea7dc6ef9796db0e6863703231841d2ac5c62d9,ok,,,outputs/EXP-011/EXP-011__img2img__C5__R3__strong__s0p4__512x512__seed2026__tier0.png
EXP-011,C6,img2img,2026-08-01T00:53:50+00:00,stable-diffusion-v1-5/stable-diffusion-v1-5,451f4fe16113bff5a5d2269ed5ad43b0592e9a14,,,,2.13.0+cu126,12.6,0.39.0,NVIDIA GeForce RTX 4060 Laptop GPU,float16,DPMSolverMultistepScheduler,P1-poster,9c67354e368ec9b9f6e28c25781f08ad6c816ef91f74c3b969ea4591b4c24722,322eba37a8cc00f3465f0420c556f351054c86b0fe77297c0e50f65cb6b7b494,R5,65701fafa3b8c3850ecb8819e69786471159b21d95b8debf035df82ece485e99,centre-crop 1024x699 -> 699x699 then LANCZOS resize to 512x512,0.6826,strong,strength,0.4,12,42,512,512,30,7.5,0,img2img@512x512@tier0,True,False,pipeline default,13.513,1.593,2675.38,2958.0,4071.5,2512.42,6f7a0e9fa0a5c9ce679e0948dc7d87765c1ee33d6824e1e56aae37fb6fcee7d2,ok,,,outputs/EXP-011/EXP-011__img2img__C6__R5__strong__s0p4__512x512__seed42__tier0.png
EXP-011,C6,img2img,2026-08-01T00:53:52+00:00,stable-diffusion-v1-5/stable-diffusion-v1-5,451f4fe16113bff5a5d2269ed5ad43b0592e9a14,,,,2.13.0+cu126,12.6,0.39.0,NVIDIA GeForce RTX 4060 Laptop GPU,float16,DPMSolverMultistepScheduler,P1-poster,9c67354e368ec9b9f6e28c25781f08ad6c816ef91f74c3b969ea4591b4c24722,322eba37a8cc00f3465f0420c556f351054c86b0fe77297c0e50f65cb6b7b494,R5,65701fafa3b8c3850ecb8819e69786471159b21d95b8debf035df82ece485e99,centre-crop 1024x699 -> 699x699 then LANCZOS resize to 512x512,0.6826,strong,strength,0.4,12,1337,512,512,30,7.5,0,img2img@512x512@tier0,True,False,pipeline default,13.513,1.53,2675.38,2958.0,4071.5,2512.5,16d90d1383c927fe8ea4e80d13a6af182aad0632523b0e9414104b7ef035ac55,ok,,,outputs/EXP-011/EXP-011__img2img__C6__R5__strong__s0p4__512x512__seed1337__tier0.png
EXP-011,C6,img2img,2026-08-01T00:53:53+00:00,stable-diffusion-v1-5/stable-diffusion-v1-5,451f4fe16113bff5a5d2269ed5ad43b0592e9a14,,,,2.13.0+cu126,12.6,0.39.0,NVIDIA GeForce RTX 4060 Laptop GPU,float16,DPMSolverMultistepScheduler,P1-poster,9c67354e368ec9b9f6e28c25781f08ad6c816ef91f74c3b969ea4591b4c24722,322eba37a8cc00f3465f0420c556f351054c86b0fe77297c0e50f65cb6b7b494,R5,65701fafa3b8c3850ecb8819e69786471159b21d95b8debf035df82ece485e99,centre-crop 1024x699 -> 699x699 then LANCZOS resize to 512x512,0.6826,strong,strength,0.4,12,2026,512,512,30,7.5,0,img2img@512x512@tier0,True,False,pipeline default,13.513,1.553,2675.38,2958.0,4071.5,2512.51,2d055203244e69c0586be0b2848f0e440c30d7e259ba5679c6cc9a7d4f2125dc,ok,,,outputs/EXP-011/EXP-011__img2img__C6__R5__strong__s0p4__512x512__seed2026__tier0.png
EXP-011,C5,ip-adapter,2026-08-01T00:54:22+00:00,stable-diffusion-v1-5/stable-diffusion-v1-5,451f4fe16113bff5a5d2269ed5ad43b0592e9a14,h94/IP-Adapter,018e402774aeeddd60609b4ecdb7e298259dc729,018e402774aeeddd60609b4ecdb7e298259dc729,2.13.0+cu126,12.6,0.39.0,NVIDIA GeForce RTX 4060 Laptop GPU,float16,DPMSolverMultistepScheduler,P2-geo,85ea0319cf2a6b0219702873d88f21092ac7334553e56c13c7603daec34b4660,322eba37a8cc00f3465f0420c556f351054c86b0fe77297c0e50f65cb6b7b494,R3,cfbc213f291a0408e2cc51d051929d3a09abd100fc3c1b451b640ab7da2f83ec,long side bounded 4000x2980 -> 1024x763 (LANCZOS); CLIP processor resize + centre-crop 224,1.0,weak,scale,0.25,30,42,512,512,30,7.5,0,ip-adapter@512x512@tier0,True,False,pipeline default,14.118,3.628,3924.07,4582.0,5695.5,3038.27,511069f3111f14effbd0718b1490b1648a4823c1fc7914f32d84e41abd72b656,ok,,,outputs/EXP-011/EXP-011__ip-adapter__C5__R3__weak__s0p25__512x512__seed42__tier0.png
EXP-011,C5,ip-adapter,2026-08-01T00:54:26+00:00,stable-diffusion-v1-5/stable-diffusion-v1-5,451f4fe16113bff5a5d2269ed5ad43b0592e9a14,h94/IP-Adapter,018e402774aeeddd60609b4ecdb7e298259dc729,018e402774aeeddd60609b4ecdb7e298259dc729,2.13.0+cu126,12.6,0.39.0,NVIDIA GeForce RTX 4060 Laptop GPU,float16,DPMSolverMultistepScheduler,P2-geo,85ea0319cf2a6b0219702873d88f21092ac7334553e56c13c7603daec34b4660,322eba37a8cc00f3465f0420c556f351054c86b0fe77297c0e50f65cb6b7b494,R3,cfbc213f291a0408e2cc51d051929d3a09abd100fc3c1b451b640ab7da2f83ec,long side bounded 4000x2980 -> 1024x763 (LANCZOS); CLIP processor resize + centre-crop 224,1.0,weak,scale,0.25,30,1337,512,512,30,7.5,0,ip-adapter@512x512@tier0,True,False,pipeline default,14.118,3.431,3924.07,4582.0,5695.5,3038.76,1f4d50c61dd48b722a8489b024573adc84aadd9b2563188951f52eb5ae839fda,ok,,,outputs/EXP-011/EXP-011__ip-adapter__C5__R3__weak__s0p25__512x512__seed1337__tier0.png
EXP-011,C5,ip-adapter,2026-08-01T00:54:29+00:00,stable-diffusion-v1-5/stable-diffusion-v1-5,451f4fe16113bff5a5d2269ed5ad43b0592e9a14,h94/IP-Adapter,018e402774aeeddd60609b4ecdb7e298259dc729,018e402774aeeddd60609b4ecdb7e298259dc729,2.13.0+cu126,12.6,0.39.0,NVIDIA GeForce RTX 4060 Laptop GPU,float16,DPMSolverMultistepScheduler,P2-geo,85ea0319cf2a6b0219702873d88f21092ac7334553e56c13c7603daec34b4660,322eba37a8cc00f3465f0420c556f351054c86b0fe77297c0e50f65cb6b7b494,R3,cfbc213f291a0408e2cc51d051929d3a09abd100fc3c1b451b640ab7da2f83ec,long side bounded 4000x2980 -> 1024x763 (LANCZOS); CLIP processor resize + centre-crop 224,1.0,weak,scale,0.25,30,2026,512,512,30,7.5,0,ip-adapter@512x512@tier0,True,False,pipeline default,14.118,3.453,3924.07,4582.0,5695.5,3038.78,13d89555804883cec4779203594384a84f3133e03fc5c8fc958835985ededdc4,ok,,,outputs/EXP-011/EXP-011__ip-adapter__C5__R3__weak__s0p25__512x512__seed2026__tier0.png
EXP-011,C6,ip-adapter,2026-08-01T00:54:33+00:00,stable-diffusion-v1-5/stable-diffusion-v1-5,451f4fe16113bff5a5d2269ed5ad43b0592e9a14,h94/IP-Adapter,018e402774aeeddd60609b4ecdb7e298259dc729,018e402774aeeddd60609b4ecdb7e298259dc729,2.13.0+cu126,12.6,0.39.0,NVIDIA GeForce RTX 4060 Laptop GPU,float16,DPMSolverMultistepScheduler,P1-poster,9c67354e368ec9b9f6e28c25781f08ad6c816ef91f74c3b969ea4591b4c24722,322eba37a8cc00f3465f0420c556f351054c86b0fe77297c0e50f65cb6b7b494,R5,65701fafa3b8c3850ecb8819e69786471159b21d95b8debf035df82ece485e99,native size 1024x699; CLIP processor resize + centre-crop 224,1.0,weak,scale,0.25,30,42,512,512,30,7.5,0,ip-adapter@512x512@tier0,True,False,pipeline default,14.118,3.475,3924.07,4582.0,5695.5,3038.88,caf73029a3d5464c4e514aeaee7f282861b25847da9dff6c02f620c58759b356,ok,,,outputs/EXP-011/EXP-011__ip-adapter__C6__R5__weak__s0p25__512x512__seed42__tier0.png
EXP-011,C6,ip-adapter,2026-08-01T00:54:37+00:00,stable-diffusion-v1-5/stable-diffusion-v1-5,451f4fe16113bff5a5d2269ed5ad43b0592e9a14,h94/IP-Adapter,018e402774aeeddd60609b4ecdb7e298259dc729,018e402774aeeddd60609b4ecdb7e298259dc729,2.13.0+cu126,12.6,0.39.0,NVIDIA GeForce RTX 4060 Laptop GPU,float16,DPMSolverMultistepScheduler,P1-poster,9c67354e368ec9b9f6e28c25781f08ad6c816ef91f74c3b969ea4591b4c24722,322eba37a8cc00f3465f0420c556f351054c86b0fe77297c0e50f65cb6b7b494,R5,65701fafa3b8c3850ecb8819e69786471159b21d95b8debf035df82ece485e99,native size 1024x699; CLIP processor resize + centre-crop 224,1.0,weak,scale,0.25,30,1337,512,512,30,7.5,0,ip-adapter@512x512@tier0,True,False,pipeline default,14.118,3.481,3924.07,4582.0,5695.5,3038.95,ae118aa22c2a19fd80e3e9e38ea0f8ad16e2389418e11df9795df20bcae71658,ok,,,outputs/EXP-011/EXP-011__ip-adapter__C6__R5__weak__s0p25__512x512__seed1337__tier0.png
EXP-011,C6,ip-adapter,2026-08-01T00:54:40+00:00,stable-diffusion-v1-5/stable-diffusion-v1-5,451f4fe16113bff5a5d2269ed5ad43b0592e9a14,h94/IP-Adapter,018e402774aeeddd60609b4ecdb7e298259dc729,018e402774aeeddd60609b4ecdb7e298259dc729,2.13.0+cu126,12.6,0.39.0,NVIDIA GeForce RTX 4060 Laptop GPU,float16,DPMSolverMultistepScheduler,P1-poster,9c67354e368ec9b9f6e28c25781f08ad6c816ef91f74c3b969ea4591b4c24722,322eba37a8cc00f3465f0420c556f351054c86b0fe77297c0e50f65cb6b7b494,R5,65701fafa3b8c3850ecb8819e69786471159b21d95b8debf035df82ece485e99,native size 1024x699; CLIP processor resize + centre-crop 224,1.0,weak,scale,0.25,30,2026,512,512,30,7.5,0,ip-adapter@512x512@tier0,True,False,pipeline default,14.118,3.428,3924.07,4582.0,5695.5,3038.98,04b6f6b369a2b503a4ae89e6ed45c97ea8698c49532543ad52160d00cdf32a75,ok,,,outputs/EXP-011/EXP-011__ip-adapter__C6__R5__weak__s0p25__512x512__seed2026__tier0.png
EXP-011,C5,ip-adapter,2026-08-01T00:54:44+00:00,stable-diffusion-v1-5/stable-diffusion-v1-5,451f4fe16113bff5a5d2269ed5ad43b0592e9a14,h94/IP-Adapter,018e402774aeeddd60609b4ecdb7e298259dc729,018e402774aeeddd60609b4ecdb7e298259dc729,2.13.0+cu126,12.6,0.39.0,NVIDIA GeForce RTX 4060 Laptop GPU,float16,DPMSolverMultistepScheduler,P2-geo,85ea0319cf2a6b0219702873d88f21092ac7334553e56c13c7603daec34b4660,322eba37a8cc00f3465f0420c556f351054c86b0fe77297c0e50f65cb6b7b494,R3,cfbc213f291a0408e2cc51d051929d3a09abd100fc3c1b451b640ab7da2f83ec,long side bounded 4000x2980 -> 1024x763 (LANCZOS); CLIP processor resize + centre-crop 224,1.0,medium,scale,0.55,30,42,512,512,30,7.5,0,ip-adapter@512x512@tier0,True,False,pipeline default,14.118,3.486,3924.07,4582.0,5695.5,3039.13,00fb1b78a96e503b34254e20d2ec86059f527be6d8193b77bc803481f086a233,ok,,,outputs/EXP-011/EXP-011__ip-adapter__C5__R3__medium__s0p55__512x512__seed42__tier0.png
EXP-011,C5,ip-adapter,2026-08-01T00:54:47+00:00,stable-diffusion-v1-5/stable-diffusion-v1-5,451f4fe16113bff5a5d2269ed5ad43b0592e9a14,h94/IP-Adapter,018e402774aeeddd60609b4ecdb7e298259dc729,018e402774aeeddd60609b4ecdb7e298259dc729,2.13.0+cu126,12.6,0.39.0,NVIDIA GeForce RTX 4060 Laptop GPU,float16,DPMSolverMultistepScheduler,P2-geo,85ea0319cf2a6b0219702873d88f21092ac7334553e56c13c7603daec34b4660,322eba37a8cc00f3465f0420c556f351054c86b0fe77297c0e50f65cb6b7b494,R3,cfbc213f291a0408e2cc51d051929d3a09abd100fc3c1b451b640ab7da2f83ec,long side bounded 4000x2980 -> 1024x763 (LANCZOS); CLIP processor resize + centre-crop 224,1.0,medium,scale,0.55,30,1337,512,512,30,7.5,0,ip-adapter@512x512@tier0,True,False,pipeline default,14.118,3.439,3924.07,4582.0,5695.5,3039.22,928efad4bb5edded15b59d369c20cfb5afb8362b0a9e4b850069017f94f4b602,ok,,,outputs/EXP-011/EXP-011__ip-adapter__C5__R3__medium__s0p55__512x512__seed1337__tier0.png
EXP-011,C5,ip-adapter,2026-08-01T00:54:51+00:00,stable-diffusion-v1-5/stable-diffusion-v1-5,451f4fe16113bff5a5d2269ed5ad43b0592e9a14,h94/IP-Adapter,018e402774aeeddd60609b4ecdb7e298259dc729,018e402774aeeddd60609b4ecdb7e298259dc729,2.13.0+cu126,12.6,0.39.0,NVIDIA GeForce RTX 4060 Laptop GPU,float16,DPMSolverMultistepScheduler,P2-geo,85ea0319cf2a6b0219702873d88f21092ac7334553e56c13c7603daec34b4660,322eba37a8cc00f3465f0420c556f351054c86b0fe77297c0e50f65cb6b7b494,R3,cfbc213f291a0408e2cc51d051929d3a09abd100fc3c1b451b640ab7da2f83ec,long side bounded 4000x2980 -> 1024x763 (LANCZOS); CLIP processor resize + centre-crop 224,1.0,medium,scale,0.55,30,2026,512,512,30,7.5,0,ip-adapter@512x512@tier0,True,False,pipeline default,14.118,3.453,3924.07,4582.0,5695.5,3039.27,137fc2b4ce3d136555a77ff48aefa9b6332138ce2c471a1189d55bc93de1fbf5,ok,,,outputs/EXP-011/EXP-011__ip-adapter__C5__R3__medium__s0p55__512x512__seed2026__tier0.png
EXP-011,C6,ip-adapter,2026-08-01T00:54:54+00:00,stable-diffusion-v1-5/stable-diffusion-v1-5,451f4fe16113bff5a5d2269ed5ad43b0592e9a14,h94/IP-Adapter,018e402774aeeddd60609b4ecdb7e298259dc729,018e402774aeeddd60609b4ecdb7e298259dc729,2.13.0+cu126,12.6,0.39.0,NVIDIA GeForce RTX 4060 Laptop GPU,float16,DPMSolverMultistepScheduler,P1-poster,9c67354e368ec9b9f6e28c25781f08ad6c816ef91f74c3b969ea4591b4c24722,322eba37a8cc00f3465f0420c556f351054c86b0fe77297c0e50f65cb6b7b494,R5,65701fafa3b8c3850ecb8819e69786471159b21d95b8debf035df82ece485e99,native size 1024x699; CLIP processor resize + centre-crop 224,1.0,medium,scale,0.55,30,42,512,512,30,7.5,0,ip-adapter@512x512@tier0,True,False,pipeline default,14.118,3.449,3924.07,4582.0,5695.5,3039.3,be5488bbc649d2997b7879acc8588da6daf2a9668c3f62fa1868d7dcbf68fdb3,ok,,,outputs/EXP-011/EXP-011__ip-adapter__C6__R5__medium__s0p55__512x512__seed42__tier0.png
EXP-011,C6,ip-adapter,2026-08-01T00:54:58+00:00,stable-diffusion-v1-5/stable-diffusion-v1-5,451f4fe16113bff5a5d2269ed5ad43b0592e9a14,h94/IP-Adapter,018e402774aeeddd60609b4ecdb7e298259dc729,018e402774aeeddd60609b4ecdb7e298259dc729,2.13.0+cu126,12.6,0.39.0,NVIDIA GeForce RTX 4060 Laptop GPU,float16,DPMSolverMultistepScheduler,P1-poster,9c67354e368ec9b9f6e28c25781f08ad6c816ef91f74c3b969ea4591b4c24722,322eba37a8cc00f3465f0420c556f351054c86b0fe77297c0e50f65cb6b7b494,R5,65701fafa3b8c3850ecb8819e69786471159b21d95b8debf035df82ece485e99,native size 1024x699; CLIP processor resize + centre-crop 224,1.0,medium,scale,0.55,30,1337,512,512,30,7.5,0,ip-adapter@512x512@tier0,True,False,pipeline default,14.118,3.388,3924.07,4582.0,5695.5,3039.3,bda43f85be43ec02c6c3f3af24279eeffcb2167f73fe9e1b8adfccc5e0033fed,ok,,,outputs/EXP-011/EXP-011__ip-adapter__C6__R5__medium__s0p55__512x512__seed1337__tier0.png
EXP-011,C6,ip-adapter,2026-08-01T00:55:01+00:00,stable-diffusion-v1-5/stable-diffusion-v1-5,451f4fe16113bff5a5d2269ed5ad43b0592e9a14,h94/IP-Adapter,018e402774aeeddd60609b4ecdb7e298259dc729,018e402774aeeddd60609b4ecdb7e298259dc729,2.13.0+cu126,12.6,0.39.0,NVIDIA GeForce RTX 4060 Laptop GPU,float16,DPMSolverMultistepScheduler,P1-poster,9c67354e368ec9b9f6e28c25781f08ad6c816ef91f74c3b969ea4591b4c24722,322eba37a8cc00f3465f0420c556f351054c86b0fe77297c0e50f65cb6b7b494,R5,65701fafa3b8c3850ecb8819e69786471159b21d95b8debf035df82ece485e99,native size 1024x699; CLIP processor resize + centre-crop 224,1.0,medium,scale,0.55,30,2026,512,512,30,7.5,0,ip-adapter@512x512@tier0,True,False,pipeline default,14.118,3.438,3924.07,4582.0,5695.5,3039.27,8deb55a5029497cb144f8a8598b4b4212c9552140eb4e5c78ae60afd027366f7,ok,,,outputs/EXP-011/EXP-011__ip-adapter__C6__R5__medium__s0p55__512x512__seed2026__tier0.png
EXP-011,C5,ip-adapter,2026-08-01T00:55:05+00:00,stable-diffusion-v1-5/stable-diffusion-v1-5,451f4fe16113bff5a5d2269ed5ad43b0592e9a14,h94/IP-Adapter,018e402774aeeddd60609b4ecdb7e298259dc729,018e402774aeeddd60609b4ecdb7e298259dc729,2.13.0+cu126,12.6,0.39.0,NVIDIA GeForce RTX 4060 Laptop GPU,float16,DPMSolverMultistepScheduler,P2-geo,85ea0319cf2a6b0219702873d88f21092ac7334553e56c13c7603daec34b4660,322eba37a8cc00f3465f0420c556f351054c86b0fe77297c0e50f65cb6b7b494,R3,cfbc213f291a0408e2cc51d051929d3a09abd100fc3c1b451b640ab7da2f83ec,long side bounded 4000x2980 -> 1024x763 (LANCZOS); CLIP processor resize + centre-crop 224,1.0,strong,scale,0.85,30,42,512,512,30,7.5,0,ip-adapter@512x512@tier0,True,False,pipeline default,14.118,3.432,3924.07,4582.0,5695.5,3039.28,40f8b20f1b5dd128f13e4bcb7ebda4ec94c25283bdb2297b6d84501867c3ffaf,ok,,,outputs/EXP-011/EXP-011__ip-adapter__C5__R3__strong__s0p85__512x512__seed42__tier0.png
EXP-011,C5,ip-adapter,2026-08-01T00:55:08+00:00,stable-diffusion-v1-5/stable-diffusion-v1-5,451f4fe16113bff5a5d2269ed5ad43b0592e9a14,h94/IP-Adapter,018e402774aeeddd60609b4ecdb7e298259dc729,018e402774aeeddd60609b4ecdb7e298259dc729,2.13.0+cu126,12.6,0.39.0,NVIDIA GeForce RTX 4060 Laptop GPU,float16,DPMSolverMultistepScheduler,P2-geo,85ea0319cf2a6b0219702873d88f21092ac7334553e56c13c7603daec34b4660,322eba37a8cc00f3465f0420c556f351054c86b0fe77297c0e50f65cb6b7b494,R3,cfbc213f291a0408e2cc51d051929d3a09abd100fc3c1b451b640ab7da2f83ec,long side bounded 4000x2980 -> 1024x763 (LANCZOS); CLIP processor resize + centre-crop 224,1.0,strong,scale,0.85,30,1337,512,512,30,7.5,0,ip-adapter@512x512@tier0,True,False,pipeline default,14.118,3.443,3924.07,4582.0,5695.5,3039.54,f8a0ef629cda2ffcd282616c549c8371fc57f0051d7f56c6c74d6d4fbb3e838d,ok,,,outputs/EXP-011/EXP-011__ip-adapter__C5__R3__strong__s0p85__512x512__seed1337__tier0.png
EXP-011,C5,ip-adapter,2026-08-01T00:55:12+00:00,stable-diffusion-v1-5/stable-diffusion-v1-5,451f4fe16113bff5a5d2269ed5ad43b0592e9a14,h94/IP-Adapter,018e402774aeeddd60609b4ecdb7e298259dc729,018e402774aeeddd60609b4ecdb7e298259dc729,2.13.0+cu126,12.6,0.39.0,NVIDIA GeForce RTX 4060 Laptop GPU,float16,DPMSolverMultistepScheduler,P2-geo,85ea0319cf2a6b0219702873d88f21092ac7334553e56c13c7603daec34b4660,322eba37a8cc00f3465f0420c556f351054c86b0fe77297c0e50f65cb6b7b494,R3,cfbc213f291a0408e2cc51d051929d3a09abd100fc3c1b451b640ab7da2f83ec,long side bounded 4000x2980 -> 1024x763 (LANCZOS); CLIP processor resize + centre-crop 224,1.0,strong,scale,0.85,30,2026,512,512,30,7.5,0,ip-adapter@512x512@tier0,True,False,pipeline default,14.118,3.419,3924.07,4582.0,5695.5,3039.57,94805982fda5fd9fda72e5b2d31ce7ab0e2d423951f94febf87cf2e2ff35bb88,ok,,,outputs/EXP-011/EXP-011__ip-adapter__C5__R3__strong__s0p85__512x512__seed2026__tier0.png
EXP-011,C6,ip-adapter,2026-08-01T00:55:15+00:00,stable-diffusion-v1-5/stable-diffusion-v1-5,451f4fe16113bff5a5d2269ed5ad43b0592e9a14,h94/IP-Adapter,018e402774aeeddd60609b4ecdb7e298259dc729,018e402774aeeddd60609b4ecdb7e298259dc729,2.13.0+cu126,12.6,0.39.0,NVIDIA GeForce RTX 4060 Laptop GPU,float16,DPMSolverMultistepScheduler,P1-poster,9c67354e368ec9b9f6e28c25781f08ad6c816ef91f74c3b969ea4591b4c24722,322eba37a8cc00f3465f0420c556f351054c86b0fe77297c0e50f65cb6b7b494,R5,65701fafa3b8c3850ecb8819e69786471159b21d95b8debf035df82ece485e99,native size 1024x699; CLIP processor resize + centre-crop 224,1.0,strong,scale,0.85,30,42,512,512,30,7.5,0,ip-adapter@512x512@tier0,True,False,pipeline default,14.118,3.409,3924.07,4582.0,5695.5,3039.57,91643e196cf1d52e4c5ea15d464f550b0fbc726f0fddd40a9c02dfef4166630b,ok,,,outputs/EXP-011/EXP-011__ip-adapter__C6__R5__strong__s0p85__512x512__seed42__tier0.png
EXP-011,C6,ip-adapter,2026-08-01T00:55:19+00:00,stable-diffusion-v1-5/stable-diffusion-v1-5,451f4fe16113bff5a5d2269ed5ad43b0592e9a14,h94/IP-Adapter,018e402774aeeddd60609b4ecdb7e298259dc729,018e402774aeeddd60609b4ecdb7e298259dc729,2.13.0+cu126,12.6,0.39.0,NVIDIA GeForce RTX 4060 Laptop GPU,float16,DPMSolverMultistepScheduler,P1-poster,9c67354e368ec9b9f6e28c25781f08ad6c816ef91f74c3b969ea4591b4c24722,322eba37a8cc00f3465f0420c556f351054c86b0fe77297c0e50f65cb6b7b494,R5,65701fafa3b8c3850ecb8819e69786471159b21d95b8debf035df82ece485e99,native size 1024x699; CLIP processor resize + centre-crop 224,1.0,strong,scale,0.85,30,1337,512,512,30,7.5,0,ip-adapter@512x512@tier0,True,False,pipeline default,14.118,3.732,3924.07,4582.0,5695.5,3039.6,d58389db8ff4402f2637fb1f5f89f5e0bfe3f3be2d865eca873d392d3b23190c,ok,,,outputs/EXP-011/EXP-011__ip-adapter__C6__R5__strong__s0p85__512x512__seed1337__tier0.png
EXP-011,C6,ip-adapter,2026-08-01T00:55:23+00:00,stable-diffusion-v1-5/stable-diffusion-v1-5,451f4fe16113bff5a5d2269ed5ad43b0592e9a14,h94/IP-Adapter,018e402774aeeddd60609b4ecdb7e298259dc729,018e402774aeeddd60609b4ecdb7e298259dc729,2.13.0+cu126,12.6,0.39.0,NVIDIA GeForce RTX 4060 Laptop GPU,float16,DPMSolverMultistepScheduler,P1-poster,9c67354e368ec9b9f6e28c25781f08ad6c816ef91f74c3b969ea4591b4c24722,322eba37a8cc00f3465f0420c556f351054c86b0fe77297c0e50f65cb6b7b494,R5,65701fafa3b8c3850ecb8819e69786471159b21d95b8debf035df82ece485e99,native size 1024x699; CLIP processor resize + centre-crop 224,1.0,strong,scale,0.85,30,2026,512,512,30,7.5,0,ip-adapter@512x512@tier0,True,False,pipeline default,14.118,3.424,3924.07,4582.0,5695.5,3039.73,b31b2fb50261980b0331c3fafad5a5d714c401db5442f9ec264914401604e0e2,ok,,,outputs/EXP-011/EXP-011__ip-adapter__C6__R5__strong__s0p85__512x512__seed2026__tier0.png
EXP-012,C1,ip-adapter-plus,2026-08-01T00:55:57+00:00,stable-diffusion-v1-5/stable-diffusion-v1-5,451f4fe16113bff5a5d2269ed5ad43b0592e9a14,h94/IP-Adapter,018e402774aeeddd60609b4ecdb7e298259dc729,018e402774aeeddd60609b4ecdb7e298259dc729,2.13.0+cu126,12.6,0.39.0,NVIDIA GeForce RTX 4060 Laptop GPU,float16,DPMSolverMultistepScheduler,P1-poster,9c67354e368ec9b9f6e28c25781f08ad6c816ef91f74c3b969ea4591b4c24722,322eba37a8cc00f3465f0420c556f351054c86b0fe77297c0e50f65cb6b7b494,R1,515d83fc703f6bec6467aef6ae43b8d8fb7ad283aa65cc9af134dafddec3ef6c,native size 690x1024; CLIP processor resize + centre-crop 224,1.0,medium,scale,0.55,30,42,512,512,30,7.5,0,ip-adapter-plus@512x512@tier0,True,False,pipeline default,19.373,3.47,3978.87,4634.0,5747.5,3080.52,0f1175990b59bcc58a1a19288821bbc26eb3c8393b54ba8fc059d355aca302b8,ok,,,outputs/EXP-012/EXP-012__ip-adapter-plus__C1__R1__medium__s0p55__512x512__seed42__tier0.png
EXP-012,C1,ip-adapter-plus,2026-08-01T00:56:01+00:00,stable-diffusion-v1-5/stable-diffusion-v1-5,451f4fe16113bff5a5d2269ed5ad43b0592e9a14,h94/IP-Adapter,018e402774aeeddd60609b4ecdb7e298259dc729,018e402774aeeddd60609b4ecdb7e298259dc729,2.13.0+cu126,12.6,0.39.0,NVIDIA GeForce RTX 4060 Laptop GPU,float16,DPMSolverMultistepScheduler,P1-poster,9c67354e368ec9b9f6e28c25781f08ad6c816ef91f74c3b969ea4591b4c24722,322eba37a8cc00f3465f0420c556f351054c86b0fe77297c0e50f65cb6b7b494,R1,515d83fc703f6bec6467aef6ae43b8d8fb7ad283aa65cc9af134dafddec3ef6c,native size 690x1024; CLIP processor resize + centre-crop 224,1.0,medium,scale,0.55,30,1337,512,512,30,7.5,0,ip-adapter-plus@512x512@tier0,True,False,pipeline default,19.373,3.417,3978.87,4634.0,5747.5,3078.94,09988a7d1d532cc8f1f1849cde5418dd74f7c68490f418e556d6973bb6199dfc,ok,,,outputs/EXP-012/EXP-012__ip-adapter-plus__C1__R1__medium__s0p55__512x512__seed1337__tier0.png
EXP-012,C1,ip-adapter-plus,2026-08-01T00:56:04+00:00,stable-diffusion-v1-5/stable-diffusion-v1-5,451f4fe16113bff5a5d2269ed5ad43b0592e9a14,h94/IP-Adapter,018e402774aeeddd60609b4ecdb7e298259dc729,018e402774aeeddd60609b4ecdb7e298259dc729,2.13.0+cu126,12.6,0.39.0,NVIDIA GeForce RTX 4060 Laptop GPU,float16,DPMSolverMultistepScheduler,P1-poster,9c67354e368ec9b9f6e28c25781f08ad6c816ef91f74c3b969ea4591b4c24722,322eba37a8cc00f3465f0420c556f351054c86b0fe77297c0e50f65cb6b7b494,R1,515d83fc703f6bec6467aef6ae43b8d8fb7ad283aa65cc9af134dafddec3ef6c,native size 690x1024; CLIP processor resize + centre-crop 224,1.0,medium,scale,0.55,30,2026,512,512,30,7.5,0,ip-adapter-plus@512x512@tier0,True,False,pipeline default,19.373,3.449,3978.87,4634.0,5747.5,3079.1,08064bb405d54ccb459f8345bd10e4b17bfea14dd4575f52d3a8dda022373730,ok,,,outputs/EXP-012/EXP-012__ip-adapter-plus__C1__R1__medium__s0p55__512x512__seed2026__tier0.png
EXP-012,C2,ip-adapter-plus,2026-08-01T00:56:08+00:00,stable-diffusion-v1-5/stable-diffusion-v1-5,451f4fe16113bff5a5d2269ed5ad43b0592e9a14,h94/IP-Adapter,018e402774aeeddd60609b4ecdb7e298259dc729,018e402774aeeddd60609b4ecdb7e298259dc729,2.13.0+cu126,12.6,0.39.0,NVIDIA GeForce RTX 4060 Laptop GPU,float16,DPMSolverMultistepScheduler,P2-geo,85ea0319cf2a6b0219702873d88f21092ac7334553e56c13c7603daec34b4660,322eba37a8cc00f3465f0420c556f351054c86b0fe77297c0e50f65cb6b7b494,R2,af49e3fb28a0582b9b651253dbdcb6b05822015e1936a4042fa6c041409d6c50,long side bounded 512x1536 -> 341x1024 (LANCZOS); CLIP processor resize + centre-crop 224,1.0,medium,scale,0.55,30,42,512,512,30,7.5,0,ip-adapter-plus@512x512@tier0,True,False,pipeline default,19.373,3.465,3978.87,4634.0,5747.5,3081.5,56b6d665da7e86c4a04976bac19e4015c59ead6c95a6ba5477c7fd02c2f68ec7,ok,,,outputs/EXP-012/EXP-012__ip-adapter-plus__C2__R2__medium__s0p55__512x512__seed42__tier0.png
EXP-012,C2,ip-adapter-plus,2026-08-01T00:56:11+00:00,stable-diffusion-v1-5/stable-diffusion-v1-5,451f4fe16113bff5a5d2269ed5ad43b0592e9a14,h94/IP-Adapter,018e402774aeeddd60609b4ecdb7e298259dc729,018e402774aeeddd60609b4ecdb7e298259dc729,2.13.0+cu126,12.6,0.39.0,NVIDIA GeForce RTX 4060 Laptop GPU,float16,DPMSolverMultistepScheduler,P2-geo,85ea0319cf2a6b0219702873d88f21092ac7334553e56c13c7603daec34b4660,322eba37a8cc00f3465f0420c556f351054c86b0fe77297c0e50f65cb6b7b494,R2,af49e3fb28a0582b9b651253dbdcb6b05822015e1936a4042fa6c041409d6c50,long side bounded 512x1536 -> 341x1024 (LANCZOS); CLIP processor resize + centre-crop 224,1.0,medium,scale,0.55,30,1337,512,512,30,7.5,0,ip-adapter-plus@512x512@tier0,True,False,pipeline default,19.373,3.406,3978.87,4634.0,5747.5,3081.62,4cad35992f723d53bdae45c6a01ef5939602b4e61d5f3a5f7838bf0beac3cb47,ok,,,outputs/EXP-012/EXP-012__ip-adapter-plus__C2__R2__medium__s0p55__512x512__seed1337__tier0.png
EXP-012,C2,ip-adapter-plus,2026-08-01T00:56:15+00:00,stable-diffusion-v1-5/stable-diffusion-v1-5,451f4fe16113bff5a5d2269ed5ad43b0592e9a14,h94/IP-Adapter,018e402774aeeddd60609b4ecdb7e298259dc729,018e402774aeeddd60609b4ecdb7e298259dc729,2.13.0+cu126,12.6,0.39.0,NVIDIA GeForce RTX 4060 Laptop GPU,float16,DPMSolverMultistepScheduler,P2-geo,85ea0319cf2a6b0219702873d88f21092ac7334553e56c13c7603daec34b4660,322eba37a8cc00f3465f0420c556f351054c86b0fe77297c0e50f65cb6b7b494,R2,af49e3fb28a0582b9b651253dbdcb6b05822015e1936a4042fa6c041409d6c50,long side bounded 512x1536 -> 341x1024 (LANCZOS); CLIP processor resize + centre-crop 224,1.0,medium,scale,0.55,30,2026,512,512,30,7.5,0,ip-adapter-plus@512x512@tier0,True,False,pipeline default,19.373,3.402,3978.87,4634.0,5747.5,3081.62,3d77b1cdcadedd44b6041218c0fa1784c66884533c44c1d4c7734e28675c8ae5,ok,,,outputs/EXP-012/EXP-012__ip-adapter-plus__C2__R2__medium__s0p55__512x512__seed2026__tier0.png
EXP-012,C3,ip-adapter-plus,2026-08-01T00:56:18+00:00,stable-diffusion-v1-5/stable-diffusion-v1-5,451f4fe16113bff5a5d2269ed5ad43b0592e9a14,h94/IP-Adapter,018e402774aeeddd60609b4ecdb7e298259dc729,018e402774aeeddd60609b4ecdb7e298259dc729,2.13.0+cu126,12.6,0.39.0,NVIDIA GeForce RTX 4060 Laptop GPU,float16,DPMSolverMultistepScheduler,P3-ukiyo,9c8648d75ada09e507fe921445f19ba7a2bce1905c95cf28f8f8be00fa577a96,322eba37a8cc00f3465f0420c556f351054c86b0fe77297c0e50f65cb6b7b494,R3,cfbc213f291a0408e2cc51d051929d3a09abd100fc3c1b451b640ab7da2f83ec,long side bounded 4000x2980 -> 1024x763 (LANCZOS); CLIP processor resize + centre-crop 224,1.0,medium,scale,0.55,30,42,512,512,30,7.5,0,ip-adapter-plus@512x512@tier0,True,False,pipeline default,19.373,3.496,3978.87,4634.0,5747.5,3082.06,01edf799c95d3187089c3bffc2077bd7f8dbe930b6d1f4a2b88a8cefa789f839,ok,,,outputs/EXP-012/EXP-012__ip-adapter-plus__C3__R3__medium__s0p55__512x512__seed42__tier0.png
EXP-012,C3,ip-adapter-plus,2026-08-01T00:56:22+00:00,stable-diffusion-v1-5/stable-diffusion-v1-5,451f4fe16113bff5a5d2269ed5ad43b0592e9a14,h94/IP-Adapter,018e402774aeeddd60609b4ecdb7e298259dc729,018e402774aeeddd60609b4ecdb7e298259dc729,2.13.0+cu126,12.6,0.39.0,NVIDIA GeForce RTX 4060 Laptop GPU,float16,DPMSolverMultistepScheduler,P3-ukiyo,9c8648d75ada09e507fe921445f19ba7a2bce1905c95cf28f8f8be00fa577a96,322eba37a8cc00f3465f0420c556f351054c86b0fe77297c0e50f65cb6b7b494,R3,cfbc213f291a0408e2cc51d051929d3a09abd100fc3c1b451b640ab7da2f83ec,long side bounded 4000x2980 -> 1024x763 (LANCZOS); CLIP processor resize + centre-crop 224,1.0,medium,scale,0.55,30,1337,512,512,30,7.5,0,ip-adapter-plus@512x512@tier0,True,False,pipeline default,19.373,3.499,3978.87,4634.0,5747.5,3082.17,9c511011979a4dea85d130c05ca5f5def2dea85f6ca3e3bda074811f4b07a821,ok,,,outputs/EXP-012/EXP-012__ip-adapter-plus__C3__R3__medium__s0p55__512x512__seed1337__tier0.png
EXP-012,C3,ip-adapter-plus,2026-08-01T00:56:25+00:00,stable-diffusion-v1-5/stable-diffusion-v1-5,451f4fe16113bff5a5d2269ed5ad43b0592e9a14,h94/IP-Adapter,018e402774aeeddd60609b4ecdb7e298259dc729,018e402774aeeddd60609b4ecdb7e298259dc729,2.13.0+cu126,12.6,0.39.0,NVIDIA GeForce RTX 4060 Laptop GPU,float16,DPMSolverMultistepScheduler,P3-ukiyo,9c8648d75ada09e507fe921445f19ba7a2bce1905c95cf28f8f8be00fa577a96,322eba37a8cc00f3465f0420c556f351054c86b0fe77297c0e50f65cb6b7b494,R3,cfbc213f291a0408e2cc51d051929d3a09abd100fc3c1b451b640ab7da2f83ec,long side bounded 4000x2980 -> 1024x763 (LANCZOS); CLIP processor resize + centre-crop 224,1.0,medium,scale,0.55,30,2026,512,512,30,7.5,0,ip-adapter-plus@512x512@tier0,True,False,pipeline default,19.373,3.423,3978.87,4634.0,5747.5,3082.27,c153b857e1373d00842625f0a0b84e3f59c9daa867e46c54d275cf8a50096ca2,ok,,,outputs/EXP-012/EXP-012__ip-adapter-plus__C3__R3__medium__s0p55__512x512__seed2026__tier0.png
EXP-012,C4,ip-adapter-plus,2026-08-01T00:56:29+00:00,stable-diffusion-v1-5/stable-diffusion-v1-5,451f4fe16113bff5a5d2269ed5ad43b0592e9a14,h94/IP-Adapter,018e402774aeeddd60609b4ecdb7e298259dc729,018e402774aeeddd60609b4ecdb7e298259dc729,2.13.0+cu126,12.6,0.39.0,NVIDIA GeForce RTX 4060 Laptop GPU,float16,DPMSolverMultistepScheduler,P4-deck,bfd72ef751983f8a267f571a92badb946d8eb238b3cdc44f547d63b5a30bc19c,322eba37a8cc00f3465f0420c556f351054c86b0fe77297c0e50f65cb6b7b494,R4,45475315cf149fc37e17301190d8a87c72640a8e9d466534ea226413a51741d0,long side bounded 512x1536 -> 341x1024 (LANCZOS); CLIP processor resize + centre-crop 224,1.0,medium,scale,0.55,30,42,512,512,30,7.5,0,ip-adapter-plus@512x512@tier0,True,False,pipeline default,19.373,3.455,3978.87,4634.0,5747.5,3082.3,1fa0b4952dc556190490b5ed2dff7fa609e39817dd18ab6991ef3402387fa025,ok,,,outputs/EXP-012/EXP-012__ip-adapter-plus__C4__R4__medium__s0p55__512x512__seed42__tier0.png
EXP-012,C4,ip-adapter-plus,2026-08-01T00:56:32+00:00,stable-diffusion-v1-5/stable-diffusion-v1-5,451f4fe16113bff5a5d2269ed5ad43b0592e9a14,h94/IP-Adapter,018e402774aeeddd60609b4ecdb7e298259dc729,018e402774aeeddd60609b4ecdb7e298259dc729,2.13.0+cu126,12.6,0.39.0,NVIDIA GeForce RTX 4060 Laptop GPU,float16,DPMSolverMultistepScheduler,P4-deck,bfd72ef751983f8a267f571a92badb946d8eb238b3cdc44f547d63b5a30bc19c,322eba37a8cc00f3465f0420c556f351054c86b0fe77297c0e50f65cb6b7b494,R4,45475315cf149fc37e17301190d8a87c72640a8e9d466534ea226413a51741d0,long side bounded 512x1536 -> 341x1024 (LANCZOS); CLIP processor resize + centre-crop 224,1.0,medium,scale,0.55,30,1337,512,512,30,7.5,0,ip-adapter-plus@512x512@tier0,True,False,pipeline default,19.373,3.415,3978.87,4634.0,5747.5,3082.38,5d3ff837af3e1a6ab683c68b603893807dbc608187ec0034192b585df463f83c,ok,,,outputs/EXP-012/EXP-012__ip-adapter-plus__C4__R4__medium__s0p55__512x512__seed1337__tier0.png
EXP-012,C4,ip-adapter-plus,2026-08-01T00:56:36+00:00,stable-diffusion-v1-5/stable-diffusion-v1-5,451f4fe16113bff5a5d2269ed5ad43b0592e9a14,h94/IP-Adapter,018e402774aeeddd60609b4ecdb7e298259dc729,018e402774aeeddd60609b4ecdb7e298259dc729,2.13.0+cu126,12.6,0.39.0,NVIDIA GeForce RTX 4060 Laptop GPU,float16,DPMSolverMultistepScheduler,P4-deck,bfd72ef751983f8a267f571a92badb946d8eb238b3cdc44f547d63b5a30bc19c,322eba37a8cc00f3465f0420c556f351054c86b0fe77297c0e50f65cb6b7b494,R4,45475315cf149fc37e17301190d8a87c72640a8e9d466534ea226413a51741d0,long side bounded 512x1536 -> 341x1024 (LANCZOS); CLIP processor resize + centre-crop 224,1.0,medium,scale,0.55,30,2026,512,512,30,7.5,0,ip-adapter-plus@512x512@tier0,True,False,pipeline default,19.373,3.423,3978.87,4634.0,5747.5,3082.38,7af78212755442e3722995e83c613439ae700e0d59d51aa45c71a7cd298196e0,ok,,,outputs/EXP-012/EXP-012__ip-adapter-plus__C4__R4__medium__s0p55__512x512__seed2026__tier0.png
EXP-013,C1,img2img,2026-08-01T00:57:10+00:00,stable-diffusion-v1-5/stable-diffusion-v1-5,451f4fe16113bff5a5d2269ed5ad43b0592e9a14,,,,2.13.0+cu126,12.6,0.39.0,NVIDIA GeForce RTX 4060 Laptop GPU,float16,DPMSolverMultistepScheduler,P1-poster,9c67354e368ec9b9f6e28c25781f08ad6c816ef91f74c3b969ea4591b4c24722,322eba37a8cc00f3465f0420c556f351054c86b0fe77297c0e50f65cb6b7b494,R1,515d83fc703f6bec6467aef6ae43b8d8fb7ad283aa65cc9af134dafddec3ef6c,centre-crop 690x1024 -> 341x1024 then LANCZOS resize to 512x1536,0.4947,medium,strength,0.65,19,42,512,1536,30,7.5,0,img2img@512x1536@tier0,True,False,pipeline default,10.794,7.898,3892.01,4648.0,5761.5,2212.19,70ac7df0555ba1d1e113ba054fee9094920ee79f5c2ece5370a49dfc3a459a08,ok,,,outputs/EXP-013/EXP-013__img2img__C1__R1__medium__s0p65__512x1536__seed42__tier0.png
EXP-013,C1,img2img,2026-08-01T00:57:18+00:00,stable-diffusion-v1-5/stable-diffusion-v1-5,451f4fe16113bff5a5d2269ed5ad43b0592e9a14,,,,2.13.0+cu126,12.6,0.39.0,NVIDIA GeForce RTX 4060 Laptop GPU,float16,DPMSolverMultistepScheduler,P1-poster,9c67354e368ec9b9f6e28c25781f08ad6c816ef91f74c3b969ea4591b4c24722,322eba37a8cc00f3465f0420c556f351054c86b0fe77297c0e50f65cb6b7b494,R1,515d83fc703f6bec6467aef6ae43b8d8fb7ad283aa65cc9af134dafddec3ef6c,centre-crop 690x1024 -> 341x1024 then LANCZOS resize to 512x1536,0.4947,medium,strength,0.65,19,1337,512,1536,30,7.5,0,img2img@512x1536@tier0,True,False,pipeline default,10.794,7.961,3892.01,4648.0,5761.5,2212.5,b4bcc44242279768c20a71f2a792fff4de49c5c59b11f94b58df438d39f5dc8e,ok,,,outputs/EXP-013/EXP-013__img2img__C1__R1__medium__s0p65__512x1536__seed1337__tier0.png
EXP-013,C1,img2img,2026-08-01T00:57:26+00:00,stable-diffusion-v1-5/stable-diffusion-v1-5,451f4fe16113bff5a5d2269ed5ad43b0592e9a14,,,,2.13.0+cu126,12.6,0.39.0,NVIDIA GeForce RTX 4060 Laptop GPU,float16,DPMSolverMultistepScheduler,P1-poster,9c67354e368ec9b9f6e28c25781f08ad6c816ef91f74c3b969ea4591b4c24722,322eba37a8cc00f3465f0420c556f351054c86b0fe77297c0e50f65cb6b7b494,R1,515d83fc703f6bec6467aef6ae43b8d8fb7ad283aa65cc9af134dafddec3ef6c,centre-crop 690x1024 -> 341x1024 then LANCZOS resize to 512x1536,0.4947,medium,strength,0.65,19,2026,512,1536,30,7.5,0,img2img@512x1536@tier0,True,False,pipeline default,10.794,7.997,3892.01,4648.0,5761.5,2212.76,fa8750a837522bc925b3c70ab6f0893c0b2ff9a00eb31315800f3a625f279042,ok,,,outputs/EXP-013/EXP-013__img2img__C1__R1__medium__s0p65__512x1536__seed2026__tier0.png
EXP-013,C2,img2img,2026-08-01T00:57:34+00:00,stable-diffusion-v1-5/stable-diffusion-v1-5,451f4fe16113bff5a5d2269ed5ad43b0592e9a14,,,,2.13.0+cu126,12.6,0.39.0,NVIDIA GeForce RTX 4060 Laptop GPU,float16,DPMSolverMultistepScheduler,P2-geo,85ea0319cf2a6b0219702873d88f21092ac7334553e56c13c7603daec34b4660,322eba37a8cc00f3465f0420c556f351054c86b0fe77297c0e50f65cb6b7b494,R2,af49e3fb28a0582b9b651253dbdcb6b05822015e1936a4042fa6c041409d6c50,centre-crop 512x1536 -> 512x1536 then LANCZOS resize to 512x1536,1.0,medium,strength,0.65,19,42,512,1536,30,7.5,0,img2img@512x1536@tier0,True,False,pipeline default,10.794,7.973,3892.01,4648.0,5761.5,2212.78,1b9ad2b71aab1775f77e4c300f3865413d0caac6437ae0fc1250e4611d60a7f4,ok,,,outputs/EXP-013/EXP-013__img2img__C2__R2__medium__s0p65__512x1536__seed42__tier0.png
EXP-013,C2,img2img,2026-08-01T00:57:42+00:00,stable-diffusion-v1-5/stable-diffusion-v1-5,451f4fe16113bff5a5d2269ed5ad43b0592e9a14,,,,2.13.0+cu126,12.6,0.39.0,NVIDIA GeForce RTX 4060 Laptop GPU,float16,DPMSolverMultistepScheduler,P2-geo,85ea0319cf2a6b0219702873d88f21092ac7334553e56c13c7603daec34b4660,322eba37a8cc00f3465f0420c556f351054c86b0fe77297c0e50f65cb6b7b494,R2,af49e3fb28a0582b9b651253dbdcb6b05822015e1936a4042fa6c041409d6c50,centre-crop 512x1536 -> 512x1536 then LANCZOS resize to 512x1536,1.0,medium,strength,0.65,19,1337,512,1536,30,7.5,0,img2img@512x1536@tier0,True,False,pipeline default,10.794,7.969,3892.01,4648.0,5761.5,2212.82,941a03d9ce9ecc44bfc376f1d3a55f5262fd347c8a7d40693ffb25f555e75b6c,ok,,,outputs/EXP-013/EXP-013__img2img__C2__R2__medium__s0p65__512x1536__seed1337__tier0.png
EXP-013,C2,img2img,2026-08-01T00:57:50+00:00,stable-diffusion-v1-5/stable-diffusion-v1-5,451f4fe16113bff5a5d2269ed5ad43b0592e9a14,,,,2.13.0+cu126,12.6,0.39.0,NVIDIA GeForce RTX 4060 Laptop GPU,float16,DPMSolverMultistepScheduler,P2-geo,85ea0319cf2a6b0219702873d88f21092ac7334553e56c13c7603daec34b4660,322eba37a8cc00f3465f0420c556f351054c86b0fe77297c0e50f65cb6b7b494,R2,af49e3fb28a0582b9b651253dbdcb6b05822015e1936a4042fa6c041409d6c50,centre-crop 512x1536 -> 512x1536 then LANCZOS resize to 512x1536,1.0,medium,strength,0.65,19,2026,512,1536,30,7.5,0,img2img@512x1536@tier0,True,False,pipeline default,10.794,8.051,3892.01,4648.0,5761.5,2212.75,dcd00e7b8a62c244a9fc060424299f5dfbdf28421e91279dc58c39366d1f4094,ok,,,outputs/EXP-013/EXP-013__img2img__C2__R2__medium__s0p65__512x1536__seed2026__tier0.png
EXP-013,C4,img2img,2026-08-01T00:57:59+00:00,stable-diffusion-v1-5/stable-diffusion-v1-5,451f4fe16113bff5a5d2269ed5ad43b0592e9a14,,,,2.13.0+cu126,12.6,0.39.0,NVIDIA GeForce RTX 4060 Laptop GPU,float16,DPMSolverMultistepScheduler,P4-deck,bfd72ef751983f8a267f571a92badb946d8eb238b3cdc44f547d63b5a30bc19c,322eba37a8cc00f3465f0420c556f351054c86b0fe77297c0e50f65cb6b7b494,R4,45475315cf149fc37e17301190d8a87c72640a8e9d466534ea226413a51741d0,centre-crop 512x1536 -> 512x1536 then LANCZOS resize to 512x1536,1.0,medium,strength,0.65,19,42,512,1536,30,7.5,0,img2img@512x1536@tier0,True,False,pipeline default,10.794,7.98,3892.01,4648.0,5761.5,2212.77,458ba9df804512f3e32856b3af105af95df6b9c46b6829707722c542d6baf2dc,ok,,,outputs/EXP-013/EXP-013__img2img__C4__R4__medium__s0p65__512x1536__seed42__tier0.png
EXP-013,C4,img2img,2026-08-01T00:58:07+00:00,stable-diffusion-v1-5/stable-diffusion-v1-5,451f4fe16113bff5a5d2269ed5ad43b0592e9a14,,,,2.13.0+cu126,12.6,0.39.0,NVIDIA GeForce RTX 4060 Laptop GPU,float16,DPMSolverMultistepScheduler,P4-deck,bfd72ef751983f8a267f571a92badb946d8eb238b3cdc44f547d63b5a30bc19c,322eba37a8cc00f3465f0420c556f351054c86b0fe77297c0e50f65cb6b7b494,R4,45475315cf149fc37e17301190d8a87c72640a8e9d466534ea226413a51741d0,centre-crop 512x1536 -> 512x1536 then LANCZOS resize to 512x1536,1.0,medium,strength,0.65,19,1337,512,1536,30,7.5,0,img2img@512x1536@tier0,True,False,pipeline default,10.794,8.003,3892.01,4648.0,5761.5,2212.83,5ae6c68d13812a8a237ef7e77bd1130fed2e9fba1f77872de6fc37ebdea36f87,ok,,,outputs/EXP-013/EXP-013__img2img__C4__R4__medium__s0p65__512x1536__seed1337__tier0.png
EXP-013,C4,img2img,2026-08-01T00:58:15+00:00,stable-diffusion-v1-5/stable-diffusion-v1-5,451f4fe16113bff5a5d2269ed5ad43b0592e9a14,,,,2.13.0+cu126,12.6,0.39.0,NVIDIA GeForce RTX 4060 Laptop GPU,float16,DPMSolverMultistepScheduler,P4-deck,bfd72ef751983f8a267f571a92badb946d8eb238b3cdc44f547d63b5a30bc19c,322eba37a8cc00f3465f0420c556f351054c86b0fe77297c0e50f65cb6b7b494,R4,45475315cf149fc37e17301190d8a87c72640a8e9d466534ea226413a51741d0,centre-crop 512x1536 -> 512x1536 then LANCZOS resize to 512x1536,1.0,medium,strength,0.65,19,2026,512,1536,30,7.5,0,img2img@512x1536@tier0,True,False,pipeline default,10.794,8.028,3892.01,4648.0,5761.5,2212.84,aa6eeef4a58fcf649e1deb60056218b8b21b32f09f14547e18b8c56e09d08028,ok,,,outputs/EXP-013/EXP-013__img2img__C4__R4__medium__s0p65__512x1536__seed2026__tier0.png
EXP-013,C1,ip-adapter,2026-08-01T00:59:00+00:00,stable-diffusion-v1-5/stable-diffusion-v1-5,451f4fe16113bff5a5d2269ed5ad43b0592e9a14,h94/IP-Adapter,018e402774aeeddd60609b4ecdb7e298259dc729,018e402774aeeddd60609b4ecdb7e298259dc729,2.13.0+cu126,12.6,0.39.0,NVIDIA GeForce RTX 4060 Laptop GPU,float16,DPMSolverMultistepScheduler,P1-poster,9c67354e368ec9b9f6e28c25781f08ad6c816ef91f74c3b969ea4591b4c24722,322eba37a8cc00f3465f0420c556f351054c86b0fe77297c0e50f65cb6b7b494,R1,515d83fc703f6bec6467aef6ae43b8d8fb7ad283aa65cc9af134dafddec3ef6c,native size 690x1024; CLIP processor resize + centre-crop 224,1.0,medium,scale,0.55,30,42,512,1536,30,7.5,0,ip-adapter@512x1536@tier0,True,False,pipeline default,13.219,11.953,5140.69,6852.0,7965.5,2996.66,23749ead2ff54c49ab3458f0ff998aede8920d4ba9a4059c7cf55ea42e1db23d,ok,,,outputs/EXP-013/EXP-013__ip-adapter__C1__R1__medium__s0p55__512x1536__seed42__tier0.png
EXP-013,C1,ip-adapter,2026-08-01T00:59:12+00:00,stable-diffusion-v1-5/stable-diffusion-v1-5,451f4fe16113bff5a5d2269ed5ad43b0592e9a14,h94/IP-Adapter,018e402774aeeddd60609b4ecdb7e298259dc729,018e402774aeeddd60609b4ecdb7e298259dc729,2.13.0+cu126,12.6,0.39.0,NVIDIA GeForce RTX 4060 Laptop GPU,float16,DPMSolverMultistepScheduler,P1-poster,9c67354e368ec9b9f6e28c25781f08ad6c816ef91f74c3b969ea4591b4c24722,322eba37a8cc00f3465f0420c556f351054c86b0fe77297c0e50f65cb6b7b494,R1,515d83fc703f6bec6467aef6ae43b8d8fb7ad283aa65cc9af134dafddec3ef6c,native size 690x1024; CLIP processor resize + centre-crop 224,1.0,medium,scale,0.55,30,1337,512,1536,30,7.5,0,ip-adapter@512x1536@tier0,True,False,pipeline default,13.219,11.95,5140.69,6852.0,7965.5,2994.79,544d1911ecde6b0ccad6bdb51a5703a5fc85ca0f7c9806945b94650f3c80ef8d,ok,,,outputs/EXP-013/EXP-013__ip-adapter__C1__R1__medium__s0p55__512x1536__seed1337__tier0.png
EXP-013,C1,ip-adapter,2026-08-01T00:59:24+00:00,stable-diffusion-v1-5/stable-diffusion-v1-5,451f4fe16113bff5a5d2269ed5ad43b0592e9a14,h94/IP-Adapter,018e402774aeeddd60609b4ecdb7e298259dc729,018e402774aeeddd60609b4ecdb7e298259dc729,2.13.0+cu126,12.6,0.39.0,NVIDIA GeForce RTX 4060 Laptop GPU,float16,DPMSolverMultistepScheduler,P1-poster,9c67354e368ec9b9f6e28c25781f08ad6c816ef91f74c3b969ea4591b4c24722,322eba37a8cc00f3465f0420c556f351054c86b0fe77297c0e50f65cb6b7b494,R1,515d83fc703f6bec6467aef6ae43b8d8fb7ad283aa65cc9af134dafddec3ef6c,native size 690x1024; CLIP processor resize + centre-crop 224,1.0,medium,scale,0.55,30,2026,512,1536,30,7.5,0,ip-adapter@512x1536@tier0,True,False,pipeline default,13.219,12.079,5140.69,6852.0,7965.5,2994.89,62935789bf61481e99d165bdd12b18f82b161969d46a1c2d24a3820b8287861f,ok,,,outputs/EXP-013/EXP-013__ip-adapter__C1__R1__medium__s0p55__512x1536__seed2026__tier0.png
EXP-013,C2,ip-adapter,2026-08-01T00:59:37+00:00,stable-diffusion-v1-5/stable-diffusion-v1-5,451f4fe16113bff5a5d2269ed5ad43b0592e9a14,h94/IP-Adapter,018e402774aeeddd60609b4ecdb7e298259dc729,018e402774aeeddd60609b4ecdb7e298259dc729,2.13.0+cu126,12.6,0.39.0,NVIDIA GeForce RTX 4060 Laptop GPU,float16,DPMSolverMultistepScheduler,P2-geo,85ea0319cf2a6b0219702873d88f21092ac7334553e56c13c7603daec34b4660,322eba37a8cc00f3465f0420c556f351054c86b0fe77297c0e50f65cb6b7b494,R2,af49e3fb28a0582b9b651253dbdcb6b05822015e1936a4042fa6c041409d6c50,long side bounded 512x1536 -> 341x1024 (LANCZOS); CLIP processor resize + centre-crop 224,1.0,medium,scale,0.55,30,42,512,1536,30,7.5,0,ip-adapter@512x1536@tier0,True,False,pipeline default,13.219,11.994,5140.69,6852.0,7965.5,2994.91,f3694414f876550648b17b0836bd36d52ad6a45f7e34981de9c677f378b6816c,ok,,,outputs/EXP-013/EXP-013__ip-adapter__C2__R2__medium__s0p55__512x1536__seed42__tier0.png
EXP-013,C2,ip-adapter,2026-08-01T00:59:49+00:00,stable-diffusion-v1-5/stable-diffusion-v1-5,451f4fe16113bff5a5d2269ed5ad43b0592e9a14,h94/IP-Adapter,018e402774aeeddd60609b4ecdb7e298259dc729,018e402774aeeddd60609b4ecdb7e298259dc729,2.13.0+cu126,12.6,0.39.0,NVIDIA GeForce RTX 4060 Laptop GPU,float16,DPMSolverMultistepScheduler,P2-geo,85ea0319cf2a6b0219702873d88f21092ac7334553e56c13c7603daec34b4660,322eba37a8cc00f3465f0420c556f351054c86b0fe77297c0e50f65cb6b7b494,R2,af49e3fb28a0582b9b651253dbdcb6b05822015e1936a4042fa6c041409d6c50,long side bounded 512x1536 -> 341x1024 (LANCZOS); CLIP processor resize + centre-crop 224,1.0,medium,scale,0.55,30,1337,512,1536,30,7.5,0,ip-adapter@512x1536@tier0,True,False,pipeline default,13.219,12.038,5140.69,6852.0,7965.5,2976.66,f3f920f53e923e21507d8b62b157d797bfd901c0ca9e231f0ad805f74fab8b2f,ok,,,outputs/EXP-013/EXP-013__ip-adapter__C2__R2__medium__s0p55__512x1536__seed1337__tier0.png
EXP-013,C2,ip-adapter,2026-08-01T01:00:01+00:00,stable-diffusion-v1-5/stable-diffusion-v1-5,451f4fe16113bff5a5d2269ed5ad43b0592e9a14,h94/IP-Adapter,018e402774aeeddd60609b4ecdb7e298259dc729,018e402774aeeddd60609b4ecdb7e298259dc729,2.13.0+cu126,12.6,0.39.0,NVIDIA GeForce RTX 4060 Laptop GPU,float16,DPMSolverMultistepScheduler,P2-geo,85ea0319cf2a6b0219702873d88f21092ac7334553e56c13c7603daec34b4660,322eba37a8cc00f3465f0420c556f351054c86b0fe77297c0e50f65cb6b7b494,R2,af49e3fb28a0582b9b651253dbdcb6b05822015e1936a4042fa6c041409d6c50,long side bounded 512x1536 -> 341x1024 (LANCZOS); CLIP processor resize + centre-crop 224,1.0,medium,scale,0.55,30,2026,512,1536,30,7.5,0,ip-adapter@512x1536@tier0,True,False,pipeline default,13.219,12.085,5140.69,6852.0,7965.5,2754.43,92c3b979643f9865e1cfd4ddba2efce36866a829c6c5e0f4173cf1ccbf63a5e5,ok,,,outputs/EXP-013/EXP-013__ip-adapter__C2__R2__medium__s0p55__512x1536__seed2026__tier0.png
EXP-013,C4,ip-adapter,2026-08-01T01:00:13+00:00,stable-diffusion-v1-5/stable-diffusion-v1-5,451f4fe16113bff5a5d2269ed5ad43b0592e9a14,h94/IP-Adapter,018e402774aeeddd60609b4ecdb7e298259dc729,018e402774aeeddd60609b4ecdb7e298259dc729,2.13.0+cu126,12.6,0.39.0,NVIDIA GeForce RTX 4060 Laptop GPU,float16,DPMSolverMultistepScheduler,P4-deck,bfd72ef751983f8a267f571a92badb946d8eb238b3cdc44f547d63b5a30bc19c,322eba37a8cc00f3465f0420c556f351054c86b0fe77297c0e50f65cb6b7b494,R4,45475315cf149fc37e17301190d8a87c72640a8e9d466534ea226413a51741d0,long side bounded 512x1536 -> 341x1024 (LANCZOS); CLIP processor resize + centre-crop 224,1.0,medium,scale,0.55,30,42,512,1536,30,7.5,0,ip-adapter@512x1536@tier0,True,False,pipeline default,13.219,11.987,5140.69,6852.0,7965.5,2754.52,3f8c6bf72af0a51f9e910b17d10500fbc1aa3cf56b99c537918ab1a6e8bd0beb,ok,,,outputs/EXP-013/EXP-013__ip-adapter__C4__R4__medium__s0p55__512x1536__seed42__tier0.png
EXP-013,C4,ip-adapter,2026-08-01T01:00:26+00:00,stable-diffusion-v1-5/stable-diffusion-v1-5,451f4fe16113bff5a5d2269ed5ad43b0592e9a14,h94/IP-Adapter,018e402774aeeddd60609b4ecdb7e298259dc729,018e402774aeeddd60609b4ecdb7e298259dc729,2.13.0+cu126,12.6,0.39.0,NVIDIA GeForce RTX 4060 Laptop GPU,float16,DPMSolverMultistepScheduler,P4-deck,bfd72ef751983f8a267f571a92badb946d8eb238b3cdc44f547d63b5a30bc19c,322eba37a8cc00f3465f0420c556f351054c86b0fe77297c0e50f65cb6b7b494,R4,45475315cf149fc37e17301190d8a87c72640a8e9d466534ea226413a51741d0,long side bounded 512x1536 -> 341x1024 (LANCZOS); CLIP processor resize + centre-crop 224,1.0,medium,scale,0.55,30,1337,512,1536,30,7.5,0,ip-adapter@512x1536@tier0,True,False,pipeline default,13.219,12.054,5140.69,6852.0,7965.5,2754.58,a48be6059a36d65cfb5fa7ab8b2920ed4d8551a7acb5ff2b495aac67199e1ec3,ok,,,outputs/EXP-013/EXP-013__ip-adapter__C4__R4__medium__s0p55__512x1536__seed1337__tier0.png
EXP-013,C4,ip-adapter,2026-08-01T01:00:38+00:00,stable-diffusion-v1-5/stable-diffusion-v1-5,451f4fe16113bff5a5d2269ed5ad43b0592e9a14,h94/IP-Adapter,018e402774aeeddd60609b4ecdb7e298259dc729,018e402774aeeddd60609b4ecdb7e298259dc729,2.13.0+cu126,12.6,0.39.0,NVIDIA GeForce RTX 4060 Laptop GPU,float16,DPMSolverMultistepScheduler,P4-deck,bfd72ef751983f8a267f571a92badb946d8eb238b3cdc44f547d63b5a30bc19c,322eba37a8cc00f3465f0420c556f351054c86b0fe77297c0e50f65cb6b7b494,R4,45475315cf149fc37e17301190d8a87c72640a8e9d466534ea226413a51741d0,long side bounded 512x1536 -> 341x1024 (LANCZOS); CLIP processor resize + centre-crop 224,1.0,medium,scale,0.55,30,2026,512,1536,30,7.5,0,ip-adapter@512x1536@tier0,True,False,pipeline default,13.219,12.022,5140.69,6852.0,7965.5,2754.64,cd1d23b14b6c7fa3f9ce646fb16b618ed39ace40466c9893d5476fc17eb0709c,ok,,,outputs/EXP-013/EXP-013__ip-adapter__C4__R4__medium__s0p55__512x1536__seed2026__tier0.png
